-- phpMyAdmin SQL Dump
-- version 5.2.3
-- https://www.phpmyadmin.net/
--
-- Gép: db:3306
-- Létrehozás ideje: 2026. Már 02. 18:37
-- Kiszolgáló verziója: 8.0.45
-- PHP verzió: 8.3.26

SET SQL_MODE = "NO_AUTO_VALUE_ON_ZERO";
START TRANSACTION;
SET time_zone = "+00:00";


/*!40101 SET @OLD_CHARACTER_SET_CLIENT=@@CHARACTER_SET_CLIENT */;
/*!40101 SET @OLD_CHARACTER_SET_RESULTS=@@CHARACTER_SET_RESULTS */;
/*!40101 SET @OLD_COLLATION_CONNECTION=@@COLLATION_CONNECTION */;
/*!40101 SET NAMES utf8mb4 */;

--
-- Adatbázis: `artisticeye_db`
--

-- --------------------------------------------------------

--
-- Tábla szerkezet ehhez a táblához `categories`
--

CREATE TABLE `categories` (
  `id` int NOT NULL,
  `name` varchar(50) NOT NULL
) ENGINE=InnoDB DEFAULT CHARSET=utf8mb4 COLLATE=utf8mb4_0900_ai_ci;

--
-- A tábla adatainak kiíratása `categories`
--

INSERT INTO `categories` (`id`, `name`) VALUES
(5, 'Design'),
(4, 'Digitális Art'),
(3, 'Tech'),
(1, 'Természet'),
(2, 'Város');

-- --------------------------------------------------------

--
-- Tábla szerkezet ehhez a táblához `comments`
--

CREATE TABLE `comments` (
  `id` int NOT NULL,
  `user_id` int NOT NULL,
  `post_id` int NOT NULL,
  `content` text NOT NULL,
  `created_at` timestamp NULL DEFAULT CURRENT_TIMESTAMP
) ENGINE=InnoDB DEFAULT CHARSET=utf8mb4 COLLATE=utf8mb4_0900_ai_ci;

--
-- A tábla adatainak kiíratása `comments`
--

INSERT INTO `comments` (`id`, `user_id`, `post_id`, `content`, `created_at`) VALUES
(10, 11, 10, 'Ez gyönyörű lett! Milyen géppel fotóztad?', '2026-02-23 22:04:18'),
(11, 10, 10, 'Köszönöm Peti! Egy Sony A7III-mal készült, hajnal 5-kor. :)', '2026-02-23 22:04:18'),
(12, 10, 11, 'Wow, pont ilyesmire gondoltam! Zseniális a kék neon tükröződése a vízen.', '2026-02-23 22:04:18'),
(13, 12, 12, 'Nagyon letisztult setup. Gratula az új asztalhoz!', '2026-02-23 22:04:18');

-- --------------------------------------------------------

--
-- Tábla szerkezet ehhez a táblához `follows`
--

CREATE TABLE `follows` (
  `follower_id` int NOT NULL,
  `following_id` int NOT NULL,
  `created_at` timestamp NULL DEFAULT CURRENT_TIMESTAMP
) ENGINE=InnoDB DEFAULT CHARSET=utf8mb4 COLLATE=utf8mb4_0900_ai_ci;

-- --------------------------------------------------------

--
-- Tábla szerkezet ehhez a táblához `ideas`
--

CREATE TABLE `ideas` (
  `id` int NOT NULL,
  `user_id` int NOT NULL,
  `category_id` int NOT NULL,
  `title` varchar(150) NOT NULL,
  `description` text NOT NULL,
  `created_at` timestamp NULL DEFAULT CURRENT_TIMESTAMP
) ENGINE=InnoDB DEFAULT CHARSET=utf8mb4 COLLATE=utf8mb4_0900_ai_ci;

--
-- A tábla adatainak kiíratása `ideas`
--

INSERT INTO `ideas` (`id`, `user_id`, `category_id`, `title`, `description`, `created_at`) VALUES
(1, 1, 2, 'Futurisztikus Budapest', 'Szeretnék egy képet a Lánchídról neon fényekben.', '2026-02-18 18:57:24'),
(2, 1, 4, 'Cyberpunk Szamuráj', 'Egy robotikus szamuráj a szakadó esőben.', '2026-02-18 18:57:24'),
(3, 1, 1, 'Békés Hegyi Tó', 'Nyugodt tó a hegyek között, naplementében.', '2026-02-18 18:57:24'),
(4, 7, 1, 'fdfd', 'fdfd', '2026-02-23 21:36:46'),
(10, 11, 3, 'Holografikus okosóra', 'Egy futurisztikus okosóra terve, ami a levegőbe vetíti a kijelzőt 3D-ben.', '2026-02-23 22:04:18'),
(11, 10, 2, 'Esős neon utca', 'Egy cyberpunk stílusú utcakép, pocsolyákban tükröződő neonfényekkel.', '2026-02-23 22:04:18'),
(12, 12, 5, 'Modern pékség arculat', 'Logó és színvilág egy új, kézműves pékségnek a belvárosban.', '2026-02-23 22:04:18');

-- --------------------------------------------------------

--
-- Tábla szerkezet ehhez a táblához `likes`
--

CREATE TABLE `likes` (
  `user_id` int NOT NULL,
  `post_id` int NOT NULL,
  `created_at` timestamp NULL DEFAULT CURRENT_TIMESTAMP
) ENGINE=InnoDB DEFAULT CHARSET=utf8mb4 COLLATE=utf8mb4_0900_ai_ci;

--
-- A tábla adatainak kiíratása `likes`
--

INSERT INTO `likes` (`user_id`, `post_id`, `created_at`) VALUES
(7, 12, '2026-02-23 22:05:05'),
(10, 11, '2026-02-23 22:04:18'),
(10, 12, '2026-02-23 22:04:18'),
(11, 10, '2026-02-23 22:04:18'),
(11, 11, '2026-02-23 22:04:18'),
(12, 10, '2026-02-23 22:04:18'),
(12, 13, '2026-02-23 22:04:18');

-- --------------------------------------------------------

--
-- Tábla szerkezet ehhez a táblához `messages`
--

CREATE TABLE `messages` (
  `id` int NOT NULL,
  `sender_id` int NOT NULL,
  `receiver_id` int NOT NULL,
  `content` text NOT NULL,
  `is_read` tinyint(1) DEFAULT '0',
  `created_at` timestamp NULL DEFAULT CURRENT_TIMESTAMP
) ENGINE=InnoDB DEFAULT CHARSET=utf8mb4 COLLATE=utf8mb4_0900_ai_ci;

--
-- A tábla adatainak kiíratása `messages`
--

INSERT INTO `messages` (`id`, `sender_id`, `receiver_id`, `content`, `is_read`, `created_at`) VALUES
(1, 7, 10, 'szilya', 0, '2026-03-01 11:40:34');

-- --------------------------------------------------------

--
-- Tábla szerkezet ehhez a táblához `posts`
--

CREATE TABLE `posts` (
  `id` int NOT NULL,
  `user_id` int NOT NULL,
  `category_id` int DEFAULT NULL,
  `idea_id` int DEFAULT NULL,
  `title` varchar(150) DEFAULT NULL,
  `description` text,
  `image_url` varchar(255) NOT NULL,
  `created_at` timestamp NULL DEFAULT CURRENT_TIMESTAMP,
  `image_data` longblob,
  `image_type` varchar(50) DEFAULT NULL
) ENGINE=InnoDB DEFAULT CHARSET=utf8mb4 COLLATE=utf8mb4_0900_ai_ci;

--
-- A tábla adatainak kiíratása `posts`
--

INSERT INTO `posts` (`id`, `user_id`, `category_id`, `idea_id`, `title`, `description`, `image_url`, `created_at`, `image_data`, `image_type`) VALUES
(7, 11, 1, 1, 'Melon', 'bru', 'http://localhost:3000/uploads/post-1771441075594.jpeg', '2026-02-18 18:57:55', NULL, NULL),
(10, 10, 1, NULL, 'Ködös fenyves', 'Hajnali séta az erdőben. Nagyon misztikus volt a hangulat.', 'https://images.unsplash.com/photo-1441974231531-c6227db76b6e', '2026-02-23 22:04:18', NULL, NULL),
(11, 12, 2, 11, 'Neon éjszaka', 'Itt a cyberpunk utcakép, amit kértél, Anna! Remélem tetszik a színvilág.', 'https://images.unsplash.com/photo-1514228742587-6b1558fcca3d', '2026-02-23 22:04:18', NULL, NULL),
(12, 11, 3, NULL, 'Cyber Setup', 'Az új munkaállomásom és a friss kódolós környezetem.', 'https://images.unsplash.com/photo-1498050108023-c5249f4df085', '2026-02-23 22:04:18', NULL, NULL),
(13, 10, 4, NULL, 'Absztrakt 3D', 'Blenderben készült kísérlet textúrákkal és fényekkel.', 'https://images.unsplash.com/photo-1550684848-fac1c5b4e853', '2026-02-23 22:04:18', NULL, NULL),
(14, 7, 1, NULL, 'boti', 'sd', 'http://localhost:3000/uploads/post-1771885711792.jpeg', '2026-02-23 22:28:31', NULL, NULL),
(15, 7, 5, NULL, 'Bongya Spob', 'Szeritem szipi szupi', 'BLOB', '2026-03-01 11:44:53', 0xffd8ffdb0043000503040404030504040405050506070c08070707070f0b0b090c110f1212110f111113161c1713141a1511111821181a1d1d1f1f1f13172224221e241c1e1f1effdb0043010505050706070e08080e1e1411141e1e1e1e1e1e1e1e1e1e1e1e1e1e1e1e1e1e1e1e1e1e1e1e1e1e1e1e1e1e1e1e1e1e1e1e1e1e1e1e1e1e1e1e1e1e1e1e1e1effc000110800dc00dc03012200021101031101ffc4001d000001040301010000000000000000000006030405070001020809ffc4003d100001020404040208060103050101000001020300040511061221310713415122611432718191a1c1f008152342b1d1e11624523334436272f182ffc4001c0100010501010100000000000000000000030102040506000708ffc4002c1100020202010402030001030500000000010200030411120506213113411422516115427123325281f0ffda000c03010002110311003f00335120900db58cb9ee6386d454904837f3eb1d447666e47ccf2cd4cb9ee630f88595afb63232139b7f674de65773f18d296ab5ca8fc6335e90d24e467711d5154e9125a6103f59e236df411172b2c63a726326e161d996fc122a6725f4419845cf427e90ab0a4294436a1ed4f582c97e1a519b6509714f3ab03c4a2bdfdd193bc3e9461b53d293cb61434b28dc0b4512771a17d13348ddb0dc7f5f7071a2ab90a57c61406e74f943c186ab65b4aa566255f45ed9af63efd214670756665ccb3934869bbea1b55f48b03dc38eabe0c0276edc0f9ffeff00dc887e6e5da4952df4a6c3500836d6230d7a4c5c29e171ed89bc492b46c34e34c35479cacd45e4f892da6e903a93e7131805cc3b8ae98f9145665a665dc2d3cd29b01683a1ede71596f70395e43d4b44edd4206fc182d2d3d2f328ccdbc937f310b85ac7ee26fd6082b7c3190792a768f30e49bc350824a9262199c0b8b5174aa6185245c7998251dc15b0d93a906fedcb41fd3cc685e1badd481e661bbf54956bc2a7927df13b23c379a987d2ba94fa8234ba53afcfefe90534bc0f41a794ada924bae0b1ccbefef80dfdc28be8c2e3f6db7fb8cad7f386c0b86df20ec420da1c4bd41975560b215d8e90578c71651e875066872543fcdaa4b19952f2e80720f3ed105213787310d54536a1459ba054de0436142c09fbfe0c255d6ecd7261e248b7b7135fa1f31049f11520a6e7731cbe6c83720957ce1e55706d7a44a954f7db996ee4e551b1b7616f8445b54bc58a586ff2a491d88234f6c59d1d7681e4b4ac1d0b216c1e3c48dc34b68fa492b4e70ad87dfb225f52c8e58493d01f9c294dc058997366656fb32a859cca40b13132ef0eea5caccdd59057ff00cda0993dcb8ee471327e7744b2d20a48342d00e549208ffd4c22fcc30dd96f2d08035b5ee4fba1862da562aa0b616f8065d56bb88173fc690d2934d6a6d86e69e7cab36c00d4ff00462dfa7655192398695ffe8ff8e0b5a63f557e410480b5124d8d8010bd43d2dd65a7645799275b13d3beb0daaf2f232f225a0ca732ce998fbe1f4afe8c8b655a252d8241e82d172c1540658474aab50c8373b2a5b726a52903999482075d221d84539c6f9932f10ea892a87929333cea8baeb6844b281b126c523bf78d1a5d3263f590e9017af846907c7760de61d3937bf3ff0031c254a08ca348e838bef1b5a2c72a761a46b20ef154d41d99812e7737cd576119cd36d846b20ee630247584fc733be43fd9d2959da56b6205e0b383c841a138f5f338b7d65c51defd87b8c09a1bccaf08be9a8ee227386f3e2935cfcb9ef0b139e24036b217da335dc586e69f135bdad928b6956f6659e2e4df7d74800e295466d134d48b65486d4917ca37ff00313ac375499c5cf2d4a75a93426e916b24989ba84ac8cc8ff76cb4b2365280d23ced47c64933d1b706b86ec3e8a4a9d77314aed942b7bfb20a890900ec623276b54c9068e779b42536b0bd808ab31471304ecf9a4e1f499d9e76e9086967c209b5c91b43d28bb29bf4533b607986b8a31325bafca5129a96dd9f79c092ac99b227e90ef0261e729339589e996908989c9a2bb23d5cb6161fcc41602e1dd7e923fd453738dbf5a98402a439a840df283050de21989274315da73d25bfeb0054d1df5bfba2e2ce91938f4fadc07cca4e849e5e5248481ee11a26c6e09df5d634cb8c4c3497da7429b5004281d0dc465fa81b9fb31416ab21f30e346614802e3c44eb1bfda140ea0691abec2d1895024ebee81061bff317501e95876670dcb57b1096d3335698716ea5475211a9091e56312d4a5d2b14484955832853ed9ce851b6642ba8f8de1e55b105369ea32ef381d7549376db1995af94541235babe08ad4cb9374b996289373054d38a4a872af73623a0de2e128c8c8acb6a0b6a0cbcca45804f44ef1a0900e7ca09f381ea1e2da6d4d96dc62659750e004292b1a44f266595a4657126fb1b8114d6d6f5b7ee346181dfa901c42ac4e51a8626a41214bce02b4e9119c3ac62baf38e4a4fa425f40ba48d05a0c26d8666d92c3ede7428106f11f45c354aa3ccaa665194a5c29cb71a690f5752be7dce8e6bec32fd266997c2721413adba08a2f0d9e4ae7b31ff006edcc2c20916040275fe22d4e29d6c52a82a976c5df9abb6900ebee8aad4c86280e37a05045cfb636bda54b9b031f5337d72e51aafee69859aad514f136618394036e9fe625a7873251d69b016b2d9b01b5fa7d22330e20374cf08d49d4db7d22456537d05bb6be51e91690ac07d4ca67e41aac083d09dca3a8765d17468b45c82076f9c0ccd2a7a5a65c6594be5b0a3948045c74da2629930a74ccb4e2c175b5a85869e1bc3fe74aa5280a05472827c37d608a783f88db32fe3f13b73fea2bdb19637b795e1c802e4d85fbc6654e6cd6d61a57ccccf18d482370446116de1d109362403da314011a8109c67708932d8d164edd04253ea5267995a366cf3146f6b5a1d252122c219b92afd5abccd1a54d95302ee2af6ca9da2167d3f2d5c65df430064aee48b38f6bd32d29327477d6d8397384fadaf9c5758f78d354a5ccb9209a7388984df452b4f2d6f164f1c31a4b70eb073746a5a9b4d45f464197a773f7de3c9eb69e9b9d455abeb716d3eb05c5a8ebafb62061767e35a3e4713d04e7b2f811de26e24e2dc46d94f8986fd5584df4110f455e20a74d373b26ebcdbce28f8c0398da109ec5125449a9897a434dbed156605c402069e70c6471ad6e66a0c8976da538927227203be9da2ff001f07a7e18e01609edbacf32d9c25c78c79869f69a9899554180abada7c6b68f4e70a78b786f886cae9935c996a9daca9558d1408e9e7bc795b0cd1aa33ab5d46bf4b210b4dd2a6d1b6de5101881a7f0ce216ea9497f9334c2f989e59f57b5cfd224db8745ea7e3102b6329f33dc154a7cde169a3372377694e28075951bf2af7d47611332eea5d976dd6c8521c48292203f805c4694e25e0a2c4e14fe632ed8666dbff00969eb7be25a8dcea356e6282e95b8cff00d59659d342768f30ee4e8a2b3f228d7f65ae35fbf125279e6a55b5bcf2c36d245d4b51d00818934d5f194ea84a3ce48519b5652e2745bddf78d62254c620c44ce1997252c029727140fedff8f97f9812e3e71658e1ed39bc2f869b1f9896ca54a4ff00e2ff003113b73b77f25fe471b84c9c9e03421262fc57c3fe18cbaccdcc35335229b842959d6a22281c7bf88dadd7c3b23234a93448389ca1b7117511f1d22b47242ab5d9c76a35b9d0ace798a71c5e6f3237d0c32acd5f0ad366257d082e69e655fab71e156b1eaf4f4ac6a134e2539b5d8f88bc862ac45499b726a467172ade6f13491745cfb60ea87c7dc4325c9454655a9a642ac4a490a00758ae6978ce98fd41d4ced143cd3ae021093d3e10593387a878912a99a60f416929ccb6dcf0da21e5f42e9b99fed00c3265dd5ffdd2f7c33c60ac552444d3187a6de6cdac5b0143ebe5124ff166aad4d26495862712f3bff4c2936bc511c1ee21cff0db15265df717314575d08703972003b9178f64d624a9d8db0bb551a4bcd95a93cc967d2350af6c64b3bb3e8a1b604975e716f729bc4153aad5ea9266b327e8ea082b6d04ebd77845e683ec3897068b4ec3e50ad7ea8899c40cc9bc9599e93496e6157365d86f7f788d349ba3aea7b44ee858bf8e08d6a62bb8b208bf60c18a44d1a4ccbac4d1b05abc23a017ff00313931549362554ff392a205d2075d239a8d35a9acc1c688cfd46f114d61e652e03994b006ca17b7ba360054e36d23ae4e25e03dbee77871f7a6675e99712a1cc248d3a1b44f3845f7234ef084932194640936037b6f0b38955c59484e9fb8405f896f12a732e5b2efd7c093118481bc23cc4e40e1212956a2e6dee8c52c040254003b12748770320738adc46129f6c24a71213994a01275bc6c9b11b5ceb68ee3139450a82525446805e24f846c07ebf53adcc6a89547292adedde06aa536112cb0d2ae40373a588b1d2097023825b8613ef27475c5ad4a5f55580dcfbe0772686bfbe2683a0a06b4b9fa9e78e2f55178d78933ef35320352ee654a17722c3a457bc47aebcd4ba2901086ca7c44a76828c1ac4c4de359c29935bfcd75476e99a2bce2b8e5e309d67901808590100edaff0088b2c9b3e2c7e2b35b5a72b3cc115924efa41df033d0958e25533a1390ac7ac458fb6f005bc2f2136f48cda2665d652e20dc106334fb696227d4276570ca70492b12b9431d08f5adb691e2dacd5a84c633aacabb2e265a7490d9d3c2a80d3c5fc54aa51a719821adb427681cc3f3627b1234fcf1529b52eee5b436b8bda27f4fb8a371fec8d655f72f0fc3e62338378bd2edadd535273c794b401a1b9d2fd368f5a714dd6e9b23275fb94a655ccca526fa82348f152dba6ffaae946899014be8c961627fb8f6371a2cbe13f2e694da14e36d25573d4d87d619d6b196e3a3f73a872b236875b95a4e0eaee357549cce36b719513a5803940f75a3c814e989cc5d8ba7eb33a95cdbea70ad4927f6f61af68f4071594ba7f01cd359b5f9284ab4d0029fb3ef8a4300536a4d522627e41054b6db2b57880d00ed12fa4e1d78b57882b6c2e604f122b4d227d5274c2e34ca6e16dabf69d6f002e2ca8924c3daf3eb98aa4cbce5f32dc25571d623e22665ed658649a902a897c7e14707d3710d792ecfa1b74056a09dbefb47a7f8bdc3cc3f2b845d99946512ea691e128d33587cfa4785786d8e2a1832a826a54928ea01d62c8c71f883ac622a20a7a52a19858822ff007d22352e51c36e25885bd442bb3f49ab524cb24e47e5494654a6e556eba45fbf82ac5732fd36770bd41d5e76159d80e1d72f6023cc9c1dad34c5626fd3594bfcd46e51729f31167f01aa4a1c7c922da8a50e2b2148bea77b1f28bcbc0bf1c99187e8da977f1aa88dd3b14c9d5d86d28136ae5af28ebffe181f1a0022cde3e34c9c28d3eb5242d0fa026fe6a1fdc55ea2a07ddf18a8c75f1e2653b91785a0ff0067492632e6380a3d008dde241132fb9d8274f6470e3a94aac77ffe80fac6136e861b4d214a70148d85a095a726d18f5237a33b2ea4800b82c3619b68ce70cb979a328e99b488a4b961adc9e91b0e8ea0c68ce219dc44942e8c8125c196fa0cda473cc6ee0674ebe711a1dd75d47b23b4ad2a3611c71889dc447736a4ae55d48ba8e5b5c79c1670edc6a77845312eb252eb6fac2afa9d80fa7ce026e924a6fac4c70767822b354c2efa8a0cd8e74bb855600804d8799d22ab3f1ca80c3fe6687a0305b0acadb064e4a507104e48b6d85cea9d50057d098ab7f10b86aa747c4a99f9e0dabd353cd2a46a2e758b8b8e7851ea754918a690da9a7193faa93d6c6d7b6fb8fe221291493c54934d226265bce84ddc987342857403b7f8865e9f2d7b135f59e2db9e663190698fb87b5ac31569c9554b38fb32ce652eb69ba75171af781154acca4d94c380f6293146d5329d6a4e56046e2107bc1ca33152c42a7668294ccb20b8b4a6de2f8fba10c0dc34c518a8add91905861a1996b58b69166cbcb615a55025154875d91ab321489a42c6aa58dee3ce25e1d0dcf9181bac1ad09ae17500e25e324948c8a7f45b7c3cbb03e14a63d2df8a4aa26470c51e9282398fcd23cf44c0cfe13f081a722771cd69912efcc3652c956832753efd207f194e55b89fc4eab39445217254693572d4e0f0a8dced11fab6580e35f53b1ebe40ee10713a4cd578573686867c8c25c16d2e008a7b85335cea64cc9640da0b2a4a9e72fbda2eac113f2f8930206db5212f329f479b640f51434d476d2295986558371a9909e9653b26b70a981fb75f2b45be0deb6d4752358a54ea5098a1854bd7269a50b657540696b8bc4545f3c68c1edd7e79351a104aa65b679936948f0a4902c916ebbc51b3728fcabeb65f414388dc111579359161932a605621182f7d37e919627617820c1785a7f1156e4e49b6d4d3530e0407542c9f8c47552c740421207b859c1b44bc9aa767a7d8754d964a5b584e99ad16ff00e14e8ebacf163f3271292d4a02e5d37def61ec8698be424303e1e670f49a9b71c08c8f7849ceab45dbf851c2aac35831eaccf3696e627d5cc036ca8d77f945cbb7c58bafec824f27dc9dfc43cca574fa6d352aba9d782d405af60411f38aeb9c82a22e6f7d01f3877c40c429c458c9f71971265a4c72db20e8a29d4e910ed956eab0d47c7ecc0f1b1ffe9f9991ebf60b6dd7f23f0b45ec16926fa6b1bbeb6bea21827600f4b7cc6d18936f158dedf0e9f0831a07f6677e2ff3243a79c72ae90cd4bceabacdec9d74b697fbfe6316a709f5d69f2bed04c7a8878ab492751846020ec6115aae4ef684c28f5d63541676a39b8efb46661de1b8dc5b53a69de3093617bed68ee33b51ce603c57dbac369cf49666a5aab4c5e49c967028006d9920ed184dc5af0bb252a172092917b9e900c8a8321dc918d73536065965d36ab4ac7b455f2cb667ca0226a5dc22e0d86a3f98a82a980eaf85aaee4f61f52832dab98b97b9cc75be91aa0cabe2af3151a7cdae42682ac8524f8556b6fa797df53795c693484a19c514e71f45bfee1807c5eede3cff00fd728c6c83413e27a4d343db50712b5ade3943e6569b55a6b8d203e1c9a0b483cc363a0efbfca1d54ebd83eac1625a46550e06b3025a0937e9d3d9168aa7b8755964171e69a5287a8fb5b7f11ccb61fe1ab9771a7a4ca82812528204587faa6211bdc4f85c7d4a9e531f552527dfa661ea629487108032208d9205c587b60cf847c1876af5e18cf1804b609e6093b04827ba8c1b1adf0f282de495ca5c3ea965a39b7daff7bc0de2bc5b57c48dfa130554c90200e5b46ce383aebec8819dd771ea43c4c2558cec7d47bc58c722a8b4e0ac240312cc7826a65bd12848fda9b437fc3cd2d32d57c42a65210d36da5a27a102fa5bce2093484d229e80db590a8e998dd46fd4c1870191699af80b252b577f7479f66f5b37b12865ba638ad75023073abc3988e7aaadac2649e9e7599b681b24a73ef6fbde0cf88f8324b155039d24b4aaff00a92af8dd277d618c950d0599e2947e92a6dd3a75d4e9b445c9cd57b0bbeb5483a2625cef2ef1b803c844ee8ddca2ab783c164e1971c84ad64662b3842a8dca55a5dc54b36e675ba05d2f11a80624713a707628aa483eb979669b5a89982065b0036bfbad16b1c5383abf2c256ad2c24264e8be6a2ed93e4623e6f84984eab2dcda73b299542e0b2e81ef8f41a7a962e40d932a5aa743ea57745c2fc2514f5ce3e8bb99cf80aedeff00f103ced72992f2cfd06992c86fd1dfe6c93eda7cfcb7de2d84f0128c89743cf4f90cab64a9e48f70e9d4c4f5270a70db05b01e9a764038d824dd61c5a879414e56352a4ee200cdfe60b70f3024fe2dafcbe24c5b2ee34c200536d5b45db6bc58dc60c6caa361b5d0e8684fa5badf2ee9d0329befedb4424e636abd7122470753d68695e1335302c32f90d21b57b0fb18630ba953530e4c552a0bceeb8e285c0df281d0466723afd76642d4a77241c564acbb413a5cb7a24b3290e1717cbccb27537275b9891688362350763e50ca5c2821441dcd85e174a884db5394117b758dc2564d6279e66136584c71706e9234007bc768e6fa280b137bdba79fd2114674a6d98e5ee4de3685aac05ae6e46905f846b5230ae2d98dedd7e57fbfe239014a1a041b697223a03b8ca0470a5e4514fd21ea817d478503d48d2a27ade357f384d2b49b80418d9bc5d729138ebdceee233379f5bc259d20d8900c629691bab784e517818adc4761c201f34e5840126c46b78eda201209b5d26196b7e8771517f6125306481a8cdce4ab29b2db01648d06bd4fdf582098a54db0e25b750ad1561706dbf4890e0ad39b599d9a5dce6b26deee9f01162559da7d2e57d2a7404b69205ed7d63e66ee5bd87507093d8ba4f8c65dca81ea1a5f395726d2ae6e3322d68565f0c84825320d5ede0b241116dd28526a5262664836e34ad2f6da1d2e9d26937e4a46bdb4114df9d9083d9960550fd4a40e12ab3b3056dcba12da157484a00558ff00fbee824c3f84271004c4c4bb2ca77254732fe7d3ca2cd69a65a072212917d4245af0daa2509962b5ab2a13aa944dac202f9b759e098a001ea57b8f659969b6dd4241c86c401b9b423c04428bb59756a252a72d6036da04f8958d84ccdae568b2ee4c2db584a9d3ea5add2d055f86d5bb314ca82e65bc8e29eb100df5b08b3af1edae8e6df718e41f50ab00cb37312b546d409099c7136236f118e6bf84999905d95d1d1fb4e911383b155169b8a6ad439a9a530e3934a5214b1a1b93a5e2ca4a1b7119d2414ab5bc40be8b11b90fb8aaf292abe11092a3372cdb8a1748d2e622d184d9e4ba961f9a9749f0ab94e14d87c62fc7a51959f1b2937d0922212b34b966105d6db426ebd53d0c1f17332d6c5452673fc65492254b3586153f20d49bf529fc8d1ba723cababb5f587743e1ad3c00faa49d9b7011e27d59cdfa7ad13d579f453ebacb89405207896001a9ebf58b129aea27651a7daca96d63409e8634fd7466e3d0adbf0642c664662048ca350a4651b652d9e53a84dca069f2f74563c5e9ef4dc52997bdda954e5b742ab03fdc5da86866e601e3ca05fae9143f131a0de349917d48b8ee741113b547cd9ca5fc991babbf0c73a90a824360aad73dbac69c5292b0126d716f6f6842e5491720db411bd4ac77bfce3df55401a9e64479dc599515948d7ccde1db2829478c0bf942528d01e3f91e90a3aa1a822f716221498c334faca520dc0bc24975091652d57f23093a95287853d475e91c14db7d0f5b81f585044502451746606e413ac6174119b313d2f082f54a55e568e4120dc1b459437011c071276befb4673116bde1bdc5b511b2084dc1ba4c745e22380ee9eb1036d61696233dafb8de185f6d018e90a29232a9493dc1863af2522704d1f12dde05d5a5d6e4cd31d29e69595362fa81b1f8da2d1abd364ea52665e71a0e34ae863cd383e72619c40999a7346cca8175c17bf631e95767f2d2fd30a350d672911f3df77627e36631fecf49e95617a162145a34a51e5152d28086ef7b76eb687a524850bdf5dc454af7142a499c50430d7242b6b6b683cc25881aafc899a6c65524d948eda4636ead80e465b0126549f0e9daf6ed15e710a6e76a1506309d39d5a5e9839a6560db2a3b4586fbad3413cc5a5256aca907a9fee037094b7a5d6eab5a786579c74b2da88d320edf13094714259a77932bbc694a6a5a4d34da6b3c99764dd6bd73b86dadcfb60aff000eb2858a2545ccd98998cb9afeb0d35f8de1a71282d80a536ce5ca0f87a28df5fbf389de043659c2ae3a4a6cf3e4d80dbca2c2bc866afcc475d083535855351aad71c7e5838c99950e7a47ea36acd70a07ca09785d59a84b54dfc2755ccb5cb2334bbca3aad3f589fc1e80ba95750b1706655a2bccaa10c51281ac4348abc8a12a5b6e2997725ad96d7d7e7f0830b390d1833fc85dfb2f02d589a0fbe4a540b6807407b449a2b52f332b3ab601bcbad4da8f40a1a7f302922971ca54d3e1d073b84917b9b5f4fe22c3a0e2ae467286f4247c972b59302aae5555abae582c95b8951194ea60b700559d6283352cfe743b2c951f18edb7d207a873923218ce5662a0e25b652095902fe21b41561b765ab389aad3728cff00b47465d13a7b7db1e8fdcb5d7f845187802556193f2788d787f8b67a766aa4e545fbb2c24a9214741bc563882a5f9b6229c9c49529abe5428ea3adec7b69164e31a2b349a3b92345496a6aa2e64cda9b83d077314c2e5e66993b334d9a2b6e69af02813d475fe7e319bec7c25bb20d823fae1269d09228246da5e1cb0955fd5d3b5aff00086124a75c590ab148dfdb1205c4a5375593da3d84ae8ea79f3d6e3ea384b8394428eb6da19adc566213a01a472a709d00d3e1784d2a1ae5b1e87586c1058ba5e36b94827ca395b8146e527e5fd4633a026c45c5ae223a71d526656332b7e97b42a2ecf8854a79468b3e0055a102c3ce3906e40fb109a9c0458ab5b6978e79c80354dc81161b860862c0837d6d617d63695ee93b75bc2457b5d47a5ae7a46296527652a3b73b8ee76a50048ec7e50e8bb9d82e14f89b41013d2e76862d294e3b9527e222519c8cb2d38e0ba10fa567be506f688d90da5d8f724e3d219c72971e1fc18d5138761de5a44e4e00b5aeda81b8105142add29fa3233cc21202723815a6b6d4401d5b8e58799956a48d3660843694155ac9240e97f6c2fc2c93a5e3d7ea73e1879869a772a5a2a2903dc23ca7b87a3b67382fe0cda61da2a5d288956f0b6189aa9a9d94ac32c85aad92f7cb73ac1a60ca25328f4fe548cca2614e1ba9c077eda448a787d4908c8db4da53db73f186135c39643a4d3e69f9627b2ba76de331776adac9a0d278ccff001187129138c48cad5249e4b8a91743ca6736aa16b683cef03587715cad6ab2cadacb49a73292b5b4e1ca5c73aefee897aa70e2ba671a7913eb9c976ee14cbabd4dc8bc2d2b87f0ecc382427240c84e0fd8e5c66b763095f6b39af8b1f338e6853ea0d7126765dfccb69685254956b7b8829e07363fd0b2ef8072ad4a209ebf768af38b382a525caa56993aea56849590972e800743ae9167f06e5952bc3aa434a4f88326e4dae7c475fbfac41cce90702a018fb30ab78b7d477875d4a6b95940ca9fd706db4414e2312d1272a4cd3647f30626d79d95ad560dab6fa7ca232b54b9c5e2aadd465669e6fd1f215a51ae84137b08936e8d539da73532bafadb945a730baedd7bc171fa2df72075f4631f2154e8c7d4b618a061954a54a75933afa96fbba83e256a47b2216953ad4834e4bbae07d0bd827516d748c94c14f56a70725e99535ff91e70dc1f66bd625a7f86ca6529724dd5a14d8d2eab8bc5a61f45cac4b3e55f704f908e3464254f08355a790eb47224ab5cc2ff002f7c1a61fa33144916a4a580040f1280f5b5bd8c0b3785b143ab085d4794d8db2a7a47751a3e25a2b666656a8b79294dd4dac6840fac1faaa752cea781f50749a6b6f12571b279d54a23205d7e949584817d88b9f97ca2b4fc43521992e21d32625d9204f4b90fa92372929173e70f705f11a8cf579356c4334a61c694a6986f29dfafd212e36625a2e21abd11fa43edcc64043845ee9b9f67dda2dbb3f06cc51bfb80ea5606581ec250d20e96ea6fd61acccca4904273850b1171a436a8d4067534d9e9e250fe21966d8dedfbb5de3d56aac900b4c2d8bb3249a751752838bd06db030c9caacbc84db12d32a56774e616ebf77fe23b6867214a52b2d858a45c444d79a7538a1b992d24b20240b116b5a14a8dea1a9a95c9d8864d80501493a5ae2206ad9d53aa39f268342ab44e4bbc976583a9b04a85f581fa8ad972694bf1d8edb778626c342220119a892ad7531a220895842aa1560da4dce9ec8e5ac29565a8a572ea4dbcc0fee1ff009557fe50bf8f60ff006c822728f5883be9d6365c5650731b93da083fd25520f0fd1f0f6bde3b385aa49de5916bdfa984fcaabfb13f12c3f522a5182d024ab3136e91c4f3e1bba5372ab5ec21ecd4854996d4dfa2a926de1501a5a21972153d8c93ea24ff00c7eb082eadbd9845a1d7ea47bca75fa94a3272ad2b793a5b7d7fa307756c7359e1fe289c6a88b692c3cda5c712b6ef63af9c06aa9f3d2f5194987255c4210e8ba8fb45bf987bc4c4898c62fb6ea4aaf2e91af913da301dcd771cb5e0669fa5d7cd3464db7f89ec46cd83aa9170837b046becd624e5ff0014354716940624d6a26c004804fce2965611a49cde05027b28803e71d4b613a6b0f36ea4b8a536a0a198e86de5151f9835eccb3fc41fc97fcdfe22eb122d21e9ca64a643b9cd9622ab5f884a3d79b12f53906148dc38879295a3d862a9acd3d9aa4a7a33e5411716b40dbf8124dc7332669c483b030b5e5827f631af8835e25ab88b8c587954c729f4d935b8a7116538b77329c24f536f6c7a63876e21cc0f4a750084ae5c102fe663c0550c20cd3d4d4ca264aca54094927bc7bbb85756909fc034d7a5de404218014091e1b0ed153d7996e452be636babe28035de2fc8e05e2357a9f52950e25dcaa1f03f481fa2f17f0b4b545f75d6665e915bb9912c1dba2e7736fa4571c74a53789b893529df4c212daf969294ee01f38044e09c8dd933cbbdc5ed13f0ed15d0abb8a7183f99ebd97fc4161c6a5c72e8d3486c0d326dfc4699fc4761552b2aa4265293d41bdbe51e6d625d4d535327cc2a21bc855df4b4074ce11a9a9e529b9d49415122ea220e99858f96d456c400789ed51c7ec161a04f3c7feb6d6129ae396059e91986829ecea6ca519da235234d6da6b1e293836afcc044f0b760b3682fa7cab92b454cbbea4b8f6500ac7787db97a5f07718b89bf72c7c52c4a34d53261a42541c429c04817df588ba84cb2d8ccd341b237b2b7d3ef4893c4f91ba4d19ae6256b44a82a205b7bc0accbe1c50293a27a1b1b46b7b66b534f2941d437cb8c5d4be6acac8cb9b603a474da54ea084a85c6b9768465d24a2e904922d0fa5db2da40364a943346b0b684a264d1f53aa9226051dd2d5f3048db6bef031462f29a53cead6ab9b242b5106d3c42a9ae324642da3af90813969a330c29b19421b5a827281f1812f9324d234b09e42733d252020024148b6d6860417144802d7fbe90a34912d4ee595a4e5bfb2182d5fa8acaf3b6bfed171fcc220d9339d06bc4f4138190a529a000eb6168e494d8909bdbe7052bc3d2a9590090074be90a3746921605b048d8da310d927fb2ef50493651f57e1ade1e3128972f7ba48ee9de09852e540f52e3a7b3b428b93683652d24257b66819c92676a04ceca8cdca70245b622192a4506c1240e8414de0adda238ebca52d641befb82210a8d1ccba0142c951ea76870b75f710a82657d8e1808a432cb690b75d78200035bdfb401f146953d2588da57a2b8ef35b4a014a4c5ab3610bae4ba1f4242254176d6fdc2fd8c30c5733f9cb34a9c6adcc330949f65c0fa4623a9e7f2ce0bec4b9c54f8d36251f5462ab4d95f499aa4cca1bee45bafb221cd7d90acaa977926d7d46f17a71c656a8bc392f2b212cfcd15380bb93a000fddbce2887e5a6119c4cc8bed651e22e2368b838802ee3d32cb1d19b188a5c9b0977ae3bff0070a375d965e85b5a4f4bebfc4232b2f4a5b295b8b45c8e82d0ab92f4b61a5ba95242923451d8188a1549d6a4a2e40dee484d5327e665b9a2953995c48f125b24104429455621a534ecbca3d54976c820a02142c3b5bdf17c70a66256a384649d6eef16d390f874edef82bfcb59582bf4440bef7403d7d913d704589ee573e690de44f2c32e9b0496a64ac92495366e49dcc6a627112cd175f6dd6d03f714c7a7bf27914b998cab6a03a72c7f515bf1c249c4521a6a52403c851d54840b8d76b7ca10f4f03ee397a813f529d35fa684e8e93e5685135aa72919fd21205edac30769ac25efd6944b59baa910b2e4694a41424b64a37ba7ac45b28546d19312e2e3623b4d5e4540645a96360529245fb691dbf3ad7281412a529402458ea6f162f046469f37499b97769ec2836e9c8be5ea7d9a41457f0fd2c56649a553e5d290b0a23963a5fadbeed0b7e3fc75fc9f50032f6dc75221da0a6b350a725e2b688924a927a5c93fd08c7b872df390a43cb02d6037b4163eb69da9c84cc9b450d96cb2a07ff51d3de609d89575290e29205c91de2d3b7ba8bad5a1e256e65409dcab9ae1fbe924353007ff00c1fb30f25702ce36f039839a5c0cb6be9dbdf166352880accb49493a5c5cfde90b96f29cedad6e002c4dac2344dd4ec6fb903e04fe4aaeab832a2e4a3ea6b26628200b7940552b0562365425cc914214bd57a6d7d23d0ab4a49b0d0f423ef5862f85952902d60761bfb6095f53b3514d09eb529aa9613ac2825a69a0ab1b9b9168e5bc095528054eb2927a45b4eb482b56648cd63d768d7a23675e604f9183d5d51cf88c342cb226000f2d205803a425aec4da3b7c28baaccad49dc6d0904e6bdc01af48cb9f72489d14dba93aee63598ab416f8c6d200161ada3909ba8281b65e83ac2459d83a587ca109c4171a50075b6963b79c2ab17e835da3601093d6fa98e9c25518d1834cae2664b8a097880a49ec76103d457dd95c40299c97265489a130ce51a250a3aebee1165713e98fcd51d3352c9ce5ab95a6dd040ef06c3d509e54caa5140b08e59754def6d2df18cedd805f2f96bc4b04bb55c3d4d354b6101d4208b6c4c4262ba0c8ff00a6e78aa5993fa0b24e4d6f94c1aa1079a92e34e65fdc6db44562efd1c3152994a901225d762a171b758d1fc45978c801f47729a45230fa70433fed5a0f25c48b940075ef7e907470650e798654ed165177427529b1d85cde07a98d545fc2728fbd2d4b76555309ba904661f2d62d84b766800b22e0441c7c11439df9922cbcb01a83d4ca348d399f43a7ca2259a4ea5291f21e7ac4825928464520e5bf5d4c3d6d93cd0e661940d1207d61c024e61945fa98b0e5a1229d9321e624d2a5052519526d0d26a5980e25a75b2ab81706c6d04046a75b7c61bb8ce720809ba4e97109c8c5955712a934b359a2b336cb0db2e2eee129b0b0378e70ce0fc393954a914d3e51e6d2a484109d069bfdf7894e28c8cf4ce24a37a34b3330a4855d0e9f06e22578692cfb92b50330cb2c3897c272346e902dd2233e1f2716130eb710ba11ed2a892920c16a4a55a9703f6253f5811c7736c526b928e4edd2d252545401b1f7c5accca028b2524d8dc9ef00fc669060d09a2eb4970f306b6bebbef0eccaf9d24083a5f4fb306b0e27f306a9ce94dd4e38b7892360401f431644a492d63c493d37812e16866726032005725906c91ea93a01f7de2c840698010ee62ad9237bc45e9741a6a85c97e47c461e8d90dc80bf3ded18e360a0a0a6c0f9449291e90fd93ea81a1bebfe6399866c956604e417006916abb1e2443e7cc8198619420250a19f416bef0c9c6537f122cab69782114e4b852ad0a947407a424e5395cc514d947637878244e0d055e608374a7c37d34d4c3b9397fd239ee0e6e913ae53b9daa93627cc474dc9a0a740d8f69105164463e3c47ae93994a51cc46e6dbc268f34d898c4652ab25c27afb63bd2da6f109bdc78f539be9627fcc6cd91a9d3bc6d23ad85fc8f48d2949491a124ed091666e37d8468ff00c48bf48ddc650ab03ec3bc60215a9001ed78e9d3a436a285151050a194dcde374d66564838cb4c36da42afe01606137dd0db5756728eb63b79c03f1738a543e1d48a1e9826626dc0394c03adfcfb6d0f4d7f22689f52c95ba9502da073149b5c0361688ac5b269a8612a94ab472954baec0742018a230ff196724f1648bf8c241d9091ab24997566ba53e7f2875c7ee3ad3f0d34d52b0e3edceb930821c710e0294823afce0ebee7156dea12c8e1ba7cbf0fa995045d2f99c0855d67c42e6e22ce4b7905affb6d6be91475631ed324b8214c9dfcc25573887d0ff242c663a13b7be2d3c0b5c4e21c372f5b71694b7323321293eaa74de1968d98be75270ab2ec34f322395588f5883e46137e6db97bb9956f8272e448bdbce10a8b8db079ca71c69b5948ba85c5ee3a40489c23e091e57b75de14e58cc10124254743e51c201cb6049d368eaa7352d2526a9979e0d36c8cea511a0021ca3710c13c634294aa62fa3c8cde7e516d6b2413bf9439c054a629f2d50625dc5b89132478cea3b7f30038278ad4bc69c5d798696db5234e6149438b3a2ceba8f844070bf8ccb1c449dc2b50976d72d333ab4b535ef20411eb22386c89e86d10159eed20a6fe117b9862fd39a9e2b6ea1cb72549160ab0d6d1d56f10d0686108a9d4e5a5d46c722942f6f643266bb85eb8eb52d273ed4d2cac2acd2ee4dbbf942f1dc679062d4ffc929336a9392c899c5a799cb48b923b44b3edbb34c04dc36562e3ada07a56994e562a5d41129325c1e1ce41005bb18246e659585abfe272957b617881e044d93ee693ca61952412157d74d6ff00d4314a9c49539ae5bdac3ac2ca52d5cc713628b8363d0474ea419524000297b5c69e50b1a62656975d42d20272ea3ccde1275e5a16a4f3101d72e5009b1bf946d24850163e1dac2fa7f7094d4b4bbb352f3294294b45c78bbf9c7449c4bccadd019b94a924a566da13d4c6d13cca332146ea4aac4dceb0dea7e90a6dd430fa03a76bf48ee596943094cc3cd29d03c46d6d638799c63d52121f5102c474b6d1a51236035855c48e6ad7d73a927cec2f0e1b946968b92ad40ebe500653b8453192157163a11d098e569b9d810458dc9da3a52128d137b6877f3b43994610e24a895039ca743da13818bca3622e2c751e7d63451720a5596c761b187b312c86da2b4a9771dcc70eb08434160aae7fabc27131771badde4b6a254128eb78f1b7e30e45d9cc5a8ab4a294e4af2c20e5d4050d6f1ec3c4128c891c9e3caa3a8cdda2a5c6587e93333024df95438ca88052a1dc5e24529b9c1f899e2cab576ab55949696a84dadf6a55252d254354886b2f2f393d9dd4b4f4c14a7313a91a79c7a755c3ec28a9f08552db202f4bf489c730f51696cf264a9cc36871033009def7830acc27ca3ea791d833730e22492e3a4936082a3a47b3385b549fa160fa65314729435759276d341e50172d8370ecbcda669aa7341d49b85117b6b782469f584db420683485f88c63581bc4b1d8c6ed36d2525a2e2f2ea48b6b0cdbc70e17887a514b40b581d4405b8ea92da1400ba81bfc63b61456d3cb5017426e3e7fd437e18dd8021e2f886b45d41bb11b055afbc09f1871e4cd4f87f5093946965c719b2d42c08f67b620275f58654ed85d29361d222dc9f7a61b12eea5a536ee8a1937d6d04141d7889c86e798a52767a4a69c5cabce30fdf29285104ff704343999893aab13f2eb521f657cc4aba8368b62a5c3fc32e38e3e64d416576f0aac3ac7553c2f4696a3b686a54272b6483d6f7ef026524c38b46a0e22ab55aa56db9dafbeb9b6d6b1ccbaf6171f4ed16a60dc4d4b4712e9cee1d92724e514d869e6c9b8d85cefe514f30db6c029693941d48bde2d6e13d3250a9b9ec879e120e6bf7b477c6c635889ea8612950ce871201fdbd2fe719c94005396dadc8301d83e7265c9ae5add52908c81209db5b41a27d507ca1a54af8303b0636e5346eda16524ee371610d679b534e02d8528003c206b0b5356a538e82740a040f8c3b0da12b2a09d55bc375135b90536ebedccb68e510dba353d4185d28538ab92411dc089298ffb65a880481a1ed1a914250ca728b5ee4f9984d4ed7d460fc9248b2478d62f7006e634c4a2e59a0ce604a77240b9312cb48cd9ac2e1275b422faf2b96ca8569b910ef53b8cffd9, 'image/jpeg');
INSERT INTO `posts` (`id`, `user_id`, `category_id`, `idea_id`, `title`, `description`, `image_url`, `created_at`, `image_data`, `image_type`) VALUES
(16, 7, 1, NULL, 'Melon', 'Cooler', 'BLOB', '2026-03-01 16:36:30', 0xffd8ffdb0043000503040404030504040405050506070c08070707070f0b0b090c110f1212110f111113161c1713141a1511111821181a1d1d1f1f1f13172224221e241c1e1f1effdb0043010505050706070e08080e1e1411141e1e1e1e1e1e1e1e1e1e1e1e1e1e1e1e1e1e1e1e1e1e1e1e1e1e1e1e1e1e1e1e1e1e1e1e1e1e1e1e1e1e1e1e1e1e1e1e1e1effc00011080319046803012200021101031101ffc4001d000100010501010100000000000000000000030102040506070809ffc4004510000201030302040405010605020407010001020304110512210631134151610722327114234281910816335262a1b115437292c182e1243474a22535365464d1f0f1ffc4001a010100030101010000000000000000000000010203040506ffc400221101010003000301010101010101000000000102031112213104134151142261ffda000c03010002110311003f00fb0c0000000000000000000000000000000000000000000000000000000000000000000000000000000000000000000000000000000000000000000000000000000000000000000000000000000000000000000000000000000000000000000000000000000000000000000000000000000000000000000000000000000000000000000000000000000000000000000000000000000000000000000000000000000000000000000000000000000000000000000000000000000000000000000000000000000000000000000000000000000000000000000000000000000000000000000000000000000000000000000000000000000000000000000000000000000000000000000000000000000000000000000000000000000000000000000000000000000000000000000000000000000000000000000000000000000000000000000000000000000000000000000000000000000000000000000000000000000000000000000000000000000000000000000000000000000000000000000000000000000000000000000000000000000000000000000000000000000000000000000000000000000000000000000000000000000000000000000000000000000000000000000000000000000000000000000000000000000000000000000000000000000000000000000000000000000000000000000000000000000000000000000000000000000000000000000000000000000000000000000000000000000000000000000000000000000000000000000000000000000000000000000000000000000000000000000000000000000000000000000000000000000000000000000000000000000000000000000000000000000000000000000000000000000000000000000000000000000000000000000000000000000000000000000000000000000000000000000000000000000000000000000000000000000000000000000000000000000000000000000000000000000000000000000001e60017f86c786fd80b017f86fd8786fd80b017f86fd8786fd80b017f86fd8786fd80b017f86fd8786fd80b017f86fd8786fd80b017f86fd8786fd80b017f86fd8786fd80b017f86fd8786fd80b017f86fd8786fd80b017f86fd8786fd80b017f86fd8786fd80b017f86fd8786fd80b017f86fd8786fd80b017f86fd8786fd80b017f86fd8786fd80b017f86c6c63a2c05fb18d8c0b017ec636302c05fb18f0dfb01602ff000dfb0f0dfb01602ff0dfb0f0dfb01602f706828360580bfc37ec3c37ec0580bfc37ec3c37ec0580bfc37ec3c37ec0580bfc37ec3c37ec0580bfc37ec3c37ec0580bfc37ec3c37ec0580bfc37ec3c37ec0580bfc37ec3c37ec0580bfc37ec3c37ec0580bfc37ec3c37ec0580bfc37ec3c37ec0580bfc37ec3c37ec0580bfc37ec3c37ec0580bfc37ec3c37ec0580bfc37ec3c37ec0580bfc37ec3c37ec0580bfc37ec3c37ec0580bfc37ec3c37ec0580bfc37ec3c37ec0580bfc37ec3c37ec0580bfc37ec3c37ec0580bfc37ec3c37ec0580bfc37ec3c37ec0580bfc37ec3c37ec0580bfc37ec3c37ec0580b9c1a2d000000000000000000000000000000000000000000000000000000000000000000000000000000000000003f5203f520275d91528bb22a000000000000000000000000000000000000000000000000000000000000451460ae060814057030585015c1468015450aa000000000292ec2255ac84b00000000000000000000000000000000000000000000000000000000000000000000000000000000000000000000000000000c0b2a11326a9f4e48400000000000000000000000000000000000000000000000000000000000000000000000000000000000000fd480fd4809e3f4a2a523f4a2a0000000000000000000000000000000000000000000c8000a7ee184755050a65916a570299655344cf600a64648b05416ee4bcca6f5ea3951d8bc16ef8faa1be3ea89e53ab832d5523ea1ca3ea394eaa5516a6873e4425702de51543a2a079f728d922a007d88e80299f72a480000000000000000000000000000000000000000000000000000000000000000000000000000000000000000000007d807d80b6a7d24289aa7d242800000000000000000000000000000000000000000000000000000000000000000000000000000000000000fd480fd4809e3f4a2a523f4a2a00000000000000000000000000029902a0a3600a8280067dc64b58405792992e2d9258e180c95cfa91ee8ae65221ad7b429c5ee9afe4998daadca465657a963a987d8d0dff0050db505c4d1a2d43ac29c62d4248d71d36b2cb748ede7754a1f54e2beecc6b8d56da92fef21fc9e53a9f55dc5493db235171afddd4587366b3f3d677f447ad5c752dbd3ce270fe4d5de758d2a79db25fc9e535b52ba97ea6634eeab4fea91b63f9e719dfd0f4bafd6edcbe57c18d3eb8a8bcff00d4f39f1a5ea5b2ad265fff003c677f43d17fb7357d42ebaab93cddcaa3f30e5531dc9fe111ff00a5e991ebb91351ebbf9b9e4f2994aa2f3291ab553e18bf9e1ffa5ecf6dd7545fd585f766c2dfacad2a2e6a417ee7862ad597ea2f85cd55faf933bf9d33f4be82b6ea2b2abff3e9ff00dc66d2d56d6a711ab07f667cf14b53baa7da6675af525e527f2cdf0677f3b5c7f4be82857a72e54917ee4fb3c9e31a675a5c470aa4d9d3699d6b45a4aa491965a2c6d374af434f82b94d7073f67d49655e385522b3ee6d2d2ee954598cd34fdccaebb1a4d92b2a4f909fb94cc64f392b88af533b2b5994abb2c64a15250a82810150000000000000000000000000000000000000000000000000000000000000000000000000000000000000fb00fb016d4fa4851354fa485000000000000000000000000000000000000000000000000000000000000000000000000000000000000001fa901fa9013c7e9454a47e945400000000000000000000014654a32050a171463a291ee55b4bccb32977198b1d2af4d328e49148e0a4e715dc9e5a89945d90f8ee6356b9a74d6653497dcd26abd476f6e9a8cb2d17c75daae5b2474356ac209b734bee6a2fb5db6b64d6f4d9c36add4d52be5466d1ccddea35aa49b9d478fb9d18fe7ffae6cbf43b9d53ab71b941b6ce52ff00a92e6ac9adcd7ee6827712937f336433dcde5b3a70d31867bd9973a85c54cb9cdb30675672973263bf7655247463ae47365b6d4739b7c16b4c924964b5b45fc633f3a8e79229264d26b0472689e23caa35945d87ec5258ee5bb92f3238a5b549369f709bf52c9497a88c97a97e438bb918f42df111555223d04b29648f397e6492a917c086d654f6b249e386522e5127c431dca3d981c89f3b1129b5cbce49215de38934ca38a68b1c22bb19e584ad31db59f6fa95cd26b6d5785ee741a5757dd5bb8a94e78471cf2b9453c65d998e5a9ae3bebd9744eb5a35928d4a9879f3675da7eb96b70925560dbf73e6fa570e9cb1194b936fa6eb773692525524ff00739f2d2eac37be8ea756151662f25dbd67079274e75cc9ca30ad2e171c9dfe93af59ddc57e6c72fdce6cb5f1d58ee95bef2289a2da752138e5493fdc49ac71dcc6f63697a932811ac9767d49e9cabb20b728b9760000000000000000000000000000000000000000000000000000000000000000000000000000001f601f602da9f490a26a9f490a000000000000000000000000000000000000000000000000000000000000000000000000000000000000003f5203f520278fd28a948fd28a800000000000000000000028ca96b228a6792b94cb5f72ab182051c5328d24f8129c63cb66bb53d56dace9b6e5c96c70b54cab36b558d3599348d26afadd0b64f138b6731aef54436492a9858ee79d6b7d514e3396dabb9fa64e9c3193ea98e172f8ee757d7aadc4a4a12693f439fbabf7bb336dbf738bfed63e72c43a96dab4d2ab5123a70b15dda32c675d25c57551e63831dcf394d18f69756d70b346792fa92c33b31e58f1b66565e2ee13e0b652e705aa590f192fe3c67dab5af76373484a7146355aeb2d0134aa223954461d4acf2c8a555e083acba95b112277062ef727864752580b4f8cb9575ea452aebd4c5ce4a3590ad643adee53c6f7311e72c2dd923ab325d76bccb1dd35e84538b22717e63a48ca573e65caebdcc16b1e655762bd5b8d82bacf99746e57a9ac6cb5cdaf31d45c7ade53b98b5dd17aad17e868e155e3b92c2b4bd4b452e3c6e1c9497916f8717e46be1738f326a7759f32512565ba49ac222942ac3b3cfdc53ae9be592ce719aee478cad6655142bb8fd3c336da46b75eda717e2b587ea6a251587b514a69a7cae4e7cf534c3658f59e9ceb351db1ab53f9677da5eb342f21170945b7e87cdb1af28b493699d0e81d4d71a7d58adedaeddce5cf53bb5eff00f1f444669e308af7670fd37d5d46ef642735b9a3afa3711ab1dd1967272e5af8ebc76759382a996d3f72e33938d3bd3254a152400000000000000000000002d6f902e05b91902e65325132a032572538f328e715e605dc8e4b3747d46e8fa8178f32d8be067902e05b92b1ec0540000000000000000000000003ec03ec05b53e92144d53e9214000000000000000000000000000000000000000000000000000000000000000000000000000000000000007ea407ea404f1fa515291fa51500000000000000000001497702b92d914c85dc0a6567922a928d3cc9cb8459755a147e694924b9391ea6d794538519acfb335d7aae4c366d98b37a875e850a72516b39f23cfb5ed725528ce75272e3dcb2eae2adc4dca726fd8d66ab6aaeed9c13dacefc34c91c97f47ff004e4b54d7a57551d28cf115e66a655ad738a986fd4d9def4e3517b376e7e88e7751d0b50827b2336fec736ed197f8f6bf0fe9d73eab7f1a0e8ca549a471f755eb2b96a1bbbf91bda5a76a2a4e9ce153f8375a3f4baa938d5ab17df2f28c34eace576fecfd1a72c3d333a095795152a8a5fb9d6d58e5e51069f6f4ad696ca70c60baad5516f93dad5391f1dfa31c6e7d85496d5c18d3acd7192b52ab93ec472c3e4ddc7944752a49f9b237193e72c925845b19ac9099e91ecc7721adc7626ab539e198b5a52cf6296a7e99c22d9725a9cbcd32e49b1169548bc7916ce5e85f28bc762d51cbe515a7d513cfdcae3ccab8e0b1cbc88e265564cb329770cb1b29c5e2ae49bec593597c1551e7912693ee4f8a3b54517e653c3c32f522ca9531c13314cc946963b14e4ba2f28a704fc4a89b2e5292613499593490e8921571dc9a35d7a98326dae0b60e49f391d52b6f4ab36b0988d66a5cb302955da4d4e6e4fb10335cb73ce4aa8e30f396434d49973df169f256e32ad32e7b6d34ed42ada55524dac1e83d27d62e328d3ab51f7f36795ca6da26b6ad3a752324da30cf57a74eaddd7d35a56a546ee8a9c669e4cf8b52f3678574c75457b6ad0a729fcbead9eb7a06b96d7d462a338b78e70ce0d9aecaefd7b1bc72f2455165369f29e4bb265f1d32f62ecf00a27978c9508550080000000c06050a378f32a5b28e580a926b0d2e08ab548c1bab396d8a5c95ad554284a6fb24786fc62f89cb478d4b6b7ad16f18e2420f55bfeabd2ed3fbcb88279c637186faef488be6bd3c7fd48f87ba8baff56d4aacb37138c7767b9a59f52df4a3ff00cd4f3ff5923ef5abf10f4683e2bd3ffb91147e23e8ee58fc453ffb91f03cb5dd41c73f88a9ff0073217acdfe72ae6a7fdcc712fd02abf10f458c377e229f6ff12395d6be31e916551a5252c7a491f1254d7353ff00f7157fee66155d42f6b4fe7949fde4c8e1d7d973f8f3a6789854df7ff1236da57c66d22e9c77662dbf39a3e1aab56a25972967ee5295f5dd392d95a6b1ee4a1fa3ba075b695a9a4a15e397fe7475346ac6ac14e39717d9a67e6e74df5cea3a45dc1bad2da9ff00899f4c7c31f8d3633b4a746f6bd38fcbdf701f47a967b45976ee3b60e2b47ebed0ef947c3bb836fd1a3a9b4d4ad6e229d1a8a49903362f233c94528c970d06d2f3405c5132d6d84c0bc14454000000000000007d807d80b6a7d24289aa7d242800000000000000000000000000000000000000000000000000000000000000000000000000000000000000fd480fd4809e3f4a2a523f4a2a000000000000fb014c8c94c14c01764b64db63051b02ad63b98977750b68b94a48bef6e15186e94924707d4fac39ef8c27d9bf336d7aee4c36ece457a9f5d7294a34e472156b54ad57749e4b6756a569b6f2d0788ae0f4f56ae479bbb3e951af258663556ffc45f5aa7cb831a6dcbccdf19efdb8edbd55631993c98f5a9c67dcbd6577647566bc9337fe78d693f45c7fd633b4a11a9968aa94213db05c0a8a7269e0864a70937b782974e33e31bfab3cafd5d527b72971931b6776e592b7152324b9238e1cb317e4539c44b6ded27c762373c1254e3b98f55aeebb17e9977ab6ad420750549c71dcc6ab5e9c3bc919e5b223dd6437929b72b966054bea54f9dc62d7d6a297138ff26796c8d718dbf19c64bb315d99cbd7ea0515f2c967ee6353ea49caaedca66577e33fd6930ebb094e3e6f0435271eea4691eab3a9477e52669aeb5f9d1a8d4999dfd38ffd7463a7aecbc45fe22d7561e6d1c5435f9549e37b593267a8c953ceff00233bfa67fd6f8fe5ebabf1a9a5f5223955a6b952470975acd583e26dfd8863add7935f3329ff00aa359f92ff00c77ff88879c91575a94bb4964e368ea35270e64cb2aea55293ca993ffae7fd573fcb63b5cc572e4593941bee72367ad54ad2d8db332bde548c5352267ea726dd171f8e824a58f959582967934769aa36d2937dcd952d428cde371be1b664e7b2c6722471ce082957a527c4d1339ae36b46be5133e2f74fb60b9423e629cbe5e4be3b643c95aaaa70c6704f6ca9a642f6f62b4d25e65ba3320e3199950853aabcb26ba5f4fb96d2b8a94a5f2e474faceb8b0a98cc7b188e9d4a7c48d858ea1e2350a9c19f52d28dc4334f0de077b169cc5a6a35251ed23a5e9bd7abd8558adff2f99ce5cda55a13795c7b11d3a8e13f9b26196bf26faf6cebe88e98ea0a57d6d08a92dde674b4fe65bbb9f3af4cebb5ac6e16d9351c9ec7d21af46fa8a4eac73eece2dbaf8f4b56c963a98b59e11716c1a71dd92b958c9cdf1bae40a27c15c93d00000000146cb5be7392b24512cac30396f887a94b4cd06ad484b0fc397fb1f077c48d7abea9abd5dd53295467da3f1d6a787d3937178fcb91f036b6f3a85cc9b6df88c08e6f2b9e4b629673831e8d66f29f725f170b924642929476f621dbb65dc86555b9772e9f2932d2212678ee5a96594e2292cf725841e324f047359e086ac1a6b04b5e4a0f90a719473e6512c6705397cd127a177716f51468b71f72482cf75c9914e9424b98f206d74dea8d6b4c9c2a52bb9617964f43e97f8d1a8d8d487e26bd478f46cf2995bc5ae7931aac1c1e7040fb13a33e39e9f7518c2e24d37e6e47ad74d759e99ac423e1d5a796b8f9d1f9bcef2e28cd4a9559c31e874fd35f10352d12ac250aade3d581fa3f6f563539834d7b48994f9c389f2e7c26f8daaf674ad6e5d353949472e47d27a16a10d434d85cc64a4a5d80d92ce7d8a96c785c97000000000000000fb00fb016d4fa4851354fa485000000000000000000000000000000000000000000000000000000000000000000000000000000000000001fa901fa9013c7e9454a47e94540000000000603ec050a3191960329105d56853a6e4de0beb35183936725d4faaf87170a725d8d74ebf2ac36ecf16bfaaf597874e9cffd4e2aa5775a6f749b6d935fd5756a39393cb3169d35bb27abab571e5ecdd6a48e62b8ec526f8124d7996ce4b074e338e7cb2b50546433782493dd2c223945bee5f9d6395ab12739611974ac5b59688edf6d39266da17549d3c706d8e11cf9655adb8a30847b728d45fd5714d71836da9dd53daf6b59397bdab39cdbcf04e739118f5893ad8abcf62b2b8c4be42caf17b33830fc78d38bdd83932b3adf1eb395da927b99afbfd469d28b4a46aafb51dada83468aeae675279948e7dbba631d3861d6e6b6aee4dac9a9d4b5570ed3ff0053557976a29a8b46a6acea5c49e5bc67c8f372fd1ed7f08db5c6ab52a476a93e4c2ad77554796ff920a70515dde518d7ee5b5e24cc72fd51798152ee5396ddcd7ee655949c5ee6d9a5b6866b65ca4cdbd396da7f2f27267bda49236dff001071a7b63ca31ae2bdbd48fcfdcd55cdd3a71787c9a9a97d3954e595c36f5accb8db57dca5ba94b8f22d95edc28ed967060db5ea8bcca48d8d1b9b7ab1e5c725ae55e869d8b217119af9b252353e7e1f056ad3a72fa5a5f62176f8e77b29e55d7fd31664aee7087cacc785d56ab2c3c95a568e5de52666db5ac29be5f24797b61b36c5b6b567465b9e4c8ada9b9351c90df4a108f0d1adfaa69b3a30bd70e79f937f46b370ce7b9246e763fa998368dc92f4464ca29f91acd963973c6567d1d49d379dcd99f6dab4dc97273f18c77728caa72c2e0db0dd6b2f1e3afb6be7530db36742a2925867116b7728bdad9b8b0d45a9a59583af0d9d52c74b14db25545be7262da5d53a915cac9994ea38cb32ec746394578b5ef5dd16bcf977326552353c922c9d39a598ae0d7938718b1a8e32e5e0da6997f2a5250ce5379353529e2596de4424d49497182857791a54af2dd631b8d26a1a754a536e312dd0afa519a4e474de252ad15c26da27a8e71c5d39ca9556a7c60e97a67589d955538d478cf6c983ace9c9cdd48278f33556f274aa61e5231d984c9d1a76595f42f4a6b94efade2a73596bd4e9e2938adafb9f3e74c6bd3b3bc8454be4f73dafa7754a7776b09a9a6f070ecd7caf530d9d8dd21c14cfcb943cb273d8da717aec0a47b1500525d864640b1e445a4b2cb9e7c8b649edc6320794ff005095634fa6dfbd391f076ad27f8eaefd66cfbabfa83a37577a1ba54684a58a72ec8f86f5cb4b8b3bfa91b8838b727c3034b566e0f7230a37b3759ef7848ccbb7b965e134cd4dcc23279dcf97e406eacaa3bb928d28b93cf9236ab4ebf8e375b55dbebb59d0ff004fda1c352d7e34aad25382ff00123ecca3f0a746bcd2e9628518c9c167e5f62651f074a8ce327ba9c963d5195476b863b1f58f53fc02b5ad29ced9cbb7e9ec79a6b9f02f53b69c9d18576bec4f4787df46193196d8aee7a36b3f0bf5db672db675e58f639eafd0faf53ca7635b3f62a39da75923229dc24f926b9e9bd66da589d856fe0c5a9a5ea4beab4ab05ead019aabc1c4c7b8ab1ec8c6ab46eadd7e641c7ee885d66fbac81912a719c4c0be5e1775c609bf1124be966ab51b8ab3ab8cf006d3a1ef6b52ea1b7f0e735f9abb33f457e0a56a95ba46de755b6fdff63f3c3e1adbbb8ea3b6838f7ad1ec7e907c28b5fc2f4a5bd251e319ff00603b05ddfdcbd762ca6bbfdcbc000000000000007d807d80b6a7d24289aa7d242800000000000000000000000000000000000000000000000000000000000000000000000000000000000000fd480fd4809e3f4a2a523f4a2a00000000003ec1f62d6d95e8a1493c20a5930b52b8f068c9e79469863e554cf2e46b3a8b53fc352947279cea77b52bd4797dcd97526a33b8a928a9378673f36df75c9ea7e7d723cadfb3a4e2db592efa516c5bcf25d2e4eec671c9deac9c9321a8d60964924cc4ad9f226d3d2c72c4b822939b648a2d7382b51e23d88992b949516e947ea2cb8b871a7f2be486e2abc3e4c0ab39bf36698ec6396092a5594f2dbee63d49456725272718e5b3537b79b64f0ccf6edf4b63ad3de5dd38c5c4e6754bbcee5165ba95dca72786d1a8ab2949b796cf3f2d9efada6111d4acdb949b3577779cb4997ddd770cace0d4d59ba953091c3bf6ba30e48aca53a92ee66da51db1e7cc8eda834b3233e928a8f28f2f6ef676deb19d0c372f235ba9ce29611bb926d48d25ed094aaf6392e76d4cc9169b6d29cdb7d9a33dd274a3c93e9f4b6d34b1e44d5e9e573c91761e55a1bda0e49b343730d93675f754d4693e0e5753e2a3c1beabd746bbd414dc5acc930ab38cb10c91d39cdac6d1252534fb1d93963a71ec64ab8af17cc993d0bca92928b793132e5c259332cec6a36a6919e5c8a6ccf28dfe9f294e9a665a4df2d331f4d5284545a3674a1cf28e7ac3fa560d4a309ae5330eadbed7c2378e114fb220b9a5b93c44df5668ef5816b59536a2cd9539c268d4568f872e4bedabe1f73aa4ea2f5b1ab85d8a42a7908494a25928f3c16e704ae58e724b42e1c5e7261ca525c3e4a4265b1cd4ae86cefe706a516ce86c35255e186f938ab4abb572655b5d4a151624d2c9d386ca78bbba5579e199d46e13f959c8d96a1f9914e6ff00937f4eb427869e383b30d88b3d36756dfc48ee46bebd29425846c6cabf0a2de496ea82a91dc9246bf5495acb1aae9d4e59d3e9b77951e4e52ac254e79e4d9e95596526ccb3ec5e72bb0a7b6b4795c1a7d5f4fc373a71e0cab4afb71f31b35b2b516b09913dad31718ab78335fe2476fd13d473a35e14a736a2735aae9db64ea462bb985695a546aee8f0e253663d6f8e7cf4fa5b4abda77342328bca66c134cf1de82eaf85283a3713f9b770a4cf41b6ea1a3539cc526716787b76ebc9d16464d03ea1a29e37447f6868fac4cb8ddd0039f7d474177944aff692db1f521c475bd72da415eac63173949a4bd11cfdef5659dbd1739ca3c7a9c5f527c50d3a9d8d6a51b8a719e1e084b6dd73d59d3b1b3a942ee799a84bba3e28f8c77f6379acb9d8e36e7c8c8f895d597f7faddc4a8df4f636f093679edcd6ab516fab5373c776383497771514e69f6373f0f6c6db55d628dbdd7d329e39341a8c5ce6f15122fd2afeb69b714eb509e27179ca2783ef6f829f0e748d2dabeb7517292c727bbd0a7e1538c5456d4b1c33e1cf839f1aefedee2869d7129cd349773ecce95d5d6a3a751b89769c13efec40dd2dae58512cab6b0a8f128471ee8961b5c7741379f71bb0f98cbf9035973a1e9d5b8a9422f3dfe535d73d19a2d5ce6de397fe53a6526fc8ae1b5cb03cf6ff00e196857527bad226b2afc1fd066f1f868a47aa612f36526d7ab03e38fea07a1f4cd028ca542928fd91f39cb1e23505c64fad7fab29c9dbca9c7bbf33e48a91d8f6672fbb64f05b5dc92f23497537e3b376f6ce936df634978e2eb36e51c7b22077df03ecddd755d9f1ff003e3fee7e8e7485bbb7d1e84318f97ff07e7f7f4cf6cee7aaada51ed1ad16f28fd11d2e2958514bc92032d2c64a85dc000000000000000fb00fb016d4fa4851354fa485000000000000000000000000000000000000000000000000000000000000000000000000000000000000001fa901fa9013c7e9454a47e9454000ca015050006cb7ccab2372239da8ef0ab38c136de0e33ab754d91942125cbc7737dafde4685bc9e79c1e69aadd3b9ad2cbe3276e9d6e2ddb18352a4a72949be5b2c4b3ccb82bc6e135d8f53561c79bb72eafd8b1c1625f33c93d35881649c793661631ab34bccc5796fb19351c776082acd4195a8e53318c7dcc2bcad8e114af7187c1875a7bb92b3eaf8ad94f726415e6a312f72518335b7f72a31653665e2b78f506a376e3068e7ee6e3749bc97ead733c3c33493b89b9630ce1ddb96919351f892e11057a12516d6570645ab78cb8989aa5f7869c4e1cb77a5b8e735184fc56b259a750f9fe65926dff0088aef2bb9b1b6a11a7c9c1b765ad31f8c6a90c4924553e704d5d2df9219b8a8b91c1976d53fd43795fc1594cc5a7730af3f2c981a95c4e751c5762ba56154e4bff003bc38df53c4209a6275163931e75e3bb6a2bbe2d1cb94bd45417f35e13e4e56f56eaad9d656a70a91ee60d7d369c9368ebd1948bebcb8e5f7ed78582f85395533eef4ed8dbc115b536a6a3ee76e35d78e4ccd32ce38595967436366bc97918da4db65ac9d0518469c729196cbe996cc986ad1c3948be9eedd868cf6b31ce08d463bb0612b0ea1514d8aa96dc2592faeb6af94a43e95934c7390f2e3497d41b9b6604d3848e86e6307934f794f9ca3bf55ec5a5eafb3a8dbc37e46c20938f91a6a4e51919b4eb3c2592d9c5f8ca9d34d670634ded7d8cda124e38659734e2d64a632f55b1046ae30645392e1e4c36b92e84da783a25e0d950a924f299bdd22fdac2a8ce668d4c332e352492945e0da6ce1675ddd1aee58717836f6b5a5b36cde72717a15eca73519b3b1b65e24135e8766ad9d6771e2ebaa319c72b930e82952ade78c9b3a0928b8b22af4a3e48d33c512b63672df18e246eac658c2dc73963ba38c7636d655d2aa93667f1a4adb5d52f12935ea7357d692b79ca51594ceb2138ba7c2ce4c7bab6855a527b47d3cbdbcf752b99da5c46e69cdc71dd23bbe92d656a16b18aabf363d4e27abad7c3a338c63e59c9a2e87d72a586a9e0d596d8e4c72c3ae8c3671eed949e1cde4af09fd4c834aa90bda10af069fcb932e714de706775bb71cfac6abf37694887c3a89e6337fb99aa2979159414961232b8b468f56b495d5bca9ce52e5791e73ae743badbaac6551f3e67ae3a7ce191d6b584d61f623c4ebe69d5fa0a3f889cbc2973e7839cbfe85ba716a953583e9ed5f45a538b715c9cb5de9b0a2dadbc91714caf9bea7c3ebe94f2e905f0eef5bcaa48fa067610dd9d8515845cf88e08e25e19a57476a7a6de42e29414671ec7bb74675af53e9b1a36d56a7e5c62977f632acb42854aaa72c347454347b574d7e42caf3c15b0775d3bd6d52a58d377551a97b1d15b75759492dd51b3cba368a9d3db1e3058bc58bf958e0f64a3d49673c61ac333a8eb16953189ae4f1357171049aa8cbe9eaf750925e231c1ee2aee9359dcb055d684a2f6b59c1e2cfa8eee9c9275e497dc8759ebaa961672aceaca5b1670a581c1d1fc63e90b1d7ecdceb61b5179fe0f87be22e8b4744d6ee685be5c6327c1ea7d69f1bafaba9d0a2eafd4e3fde1e25d47a9dd6a9a955baad292def2f74b2069abdf428fc8d673dcb34cb0a9abea31a36304e52787935ba8b4aabc3c9b9f87fac53d1b5ba55ea47747726c8a3ea2fe9a7e1bea9a7ddc2eee69452ca9651f5dd9d2f06de116fb23c2be0d7c4fd16f2c6ded60a9c272c47c8f71b2b98dc515386270640cb8b4d6532a58b0965762b902e05a8a815050a302eca05a8b8007d807d80b6a7d24289aa7d242800000000000000000000000000000000000000000000000000000000000000000000000000000000000000fd480fd4809e3f4a2a523f4a2a0194c15040b5f054a4bb9543a2d976c90557b60e4d990e3c3353afdcab7b593cf382f84ed65b2f238feadbd9cab4a9a93c1c9549664fd4d8ea975e356936cd624dc9bf23d7d187aebc9ddb2ad4a4df7258a7e6cb4ba1c9dd84f4e4ef7ea66d2860c5972d92d4e118d566a232fff0016ec886b3daf3e86bae6b37269649ae6ab6de19873cbf99a288f288e6a5265953e9265f327c18f5ded8bc99656e349630ae2788be4d3ea12728bc19d752739f0cd7dc6fed838b76feb495a1b973a926bc9324a1669c549a46c6364e5f36d7cb32d5bb8d251d8ff0083833cbabe38dad4d5a7e1d37c2396d56329d569f6c9db5f5ac9516f2ce5eeece52a8da4df27354d9635b656d8e7066497cb833aded52a7ca31ee69edca4736dfaaccab5d5a708bc499add4aba50c4195d4bc48d47dcd6d67292e591af5cbf5ae38f589526e526c9f4f6fc5c18f28fcdc1b1d3a83cee68bec9c858cd74d672562b8e09dc13816c29acb3cfd978cf24785b79ee5d08a51e725d3db1e0ac5663c14d56daacf4c0d4629c3846be8527bb38e726dae60daec45469a4fb1ea618db1be16b3f48ca6948dec209a4d9cf5093a735836b6d7914926c9baffea326c6af8718630634a9b6f2b9316f2f32d28b2fb372a91dce5831d9af8cec5f38d4f4226a4bb997532a3c48c5ab2699cb7b8d52ad9524d659aebca5c3691b1737db043718941f07a1a3635c1a093929e19745cb2b0cbee57ce5b49ade91ddeac6d1994a538c7961dcf3b64cc885352a7946b2f6128cf82bea1c6652929c89254f1c9816d3716b26d68e270c91e4a31e394fb9994a4a4b698d5638ec52849c67965fa46cadeacedeac6517c1db74e6a5e2c5293e4e0235373467d95f4adae218784746acf88c9ea74a50926f25f28271ca673b617fe25158972cdadbdc39452c9db8e7e53db2e33edfba45f577529eef2312955719afb997566aa5332cadead1b8d2aedc92e7cbccdb46a2db89f9fa1c569f76e95d6d6f83a585d42508bc899167b60f555946768dc526da3c8b57b776f7dbe3f2b4fc8f6fbbd95ad1a933cb7ab6da0af1edf53493a9978ebfe18ebb56768e84e6db8f0b27a142ac9d1526788f4854959df41eec45be4f68d32a42e6da128c976299bbb56495d5935d8b7c6927d89e76eff494541fea473f1d372f4b14d4bbb29b96eda51d16a5c26271717d88565aadc538ca1c7739cd4ad5788db4bb9d0c26d7721bca11a8bb7722c698d72756853f28f2455adf11ca474156c1e72918b5ed272e144ad8b75abb194a1359ce0e86deaa74d2ca357f859438da5f08d48f2b3c144b71e0a9c72991fe1a5935df8bad078e49617b3f36c7064d5b7963b2c10c6d96e4dc512c2fd3494917aaf09762bca8eb8feb677d4a9b7651594793f515e75155a13a552194f8e327d113b7a15e38a8a2cd46a5a0595583db462ff62fe275f215fe9378aa375297cdbb2cd5ea36f5a319656d6cfa8f56e8eb4ab26fc28ff07397bd0b68f29518bfba2b714c7cc1736b5259c77296d6977159704fdd1f48bf87b6b2cbf021fc1753f87f6d158fc3a7fb11e29e3c6fe1e6ad7da56af6f5255e70846a26f93ed6f86df1634c7a552b7ad749c9776d9e2b6bf0e6d1cd35430f3e8749a6f4354b75195296cc7f948b8a1f4c691d59a5ea104e8d5dcf19ee6de8dfdbd4ed2c7dcf06d12d6eec68a51aef2bdb06ea8ea97b06b359ac7b9120f69a55233594d17e729b5e479559753dc52494a6d9bdb3eaa4a2b7c972383b752f62e7d8d5693ab51be8a50926f06cbb3205c8b8b517000fb00fb016d4fa4851354fa485000000000000000000000000000000000000000000000000000000000000000000000000000000000000001fa901fa9013c7e9454a47e9454032992aca114525ea5576292fa4a67112052ac9460db387eafbf7272a69ac1d76a757c3b593cf91e63aedc78b75259f33bbf361dae4df97a6a2b3ccb2513f97052abe4a41e4f630c391e3edbdab9c5345170f08bfc88a7c3dc6d3d46716dc4a491815e6f6be496eee176305c5cb2f3dcc6e4b5c7c96c5a94b0c9270dcb11c1359dbb9492db9cb3776fa539472a0cc72d9c5b1d36b9d8d1d916dfa1adbc4e7951ee75b73a55693d908346c347e8aa970954a8b8c9cfb76fa6d8fe7af37869d59d5588b69a3261a0dc569fcb4dbfd8f6bb0e8fb5a318efa6a5fb1bab7e9fb1a4938d159fb1e5e597957561f97af13b2e93b89c52749f6f433e5d1b7328a5e0bfe0f6aa5a5db430d41227fc2515fa17f067d7563a248f03d47a2ee7c078a5e5e8705ac68f3b1a928ce0961fa1f59dd5a509529af0976f43c57e21e8b295d549d3a5c67d08b186cd5c78f4e8fc8df635179170a9ea761a869f529424a54da343716cb7728e4ce76b8f2c7db8ed61b52ec8d35c478783a7ea0a118c91cfdc436a6cdf19c8b60d5e5c6a2cfa9bcd3e4a50c1a79c374b26c6c138996df89ad8ca7b3ec5ab327c092525c974163b1e6ec6397d58e84a53f3c19942db11f3141fcbca32e8bc96d18a1adb9a786d60c770dbca3657d4a49e7d4c454db583d8d2db04505924a546539e1365db36b24a72d8f723a6e3389b3da2ad465069bc9753ba94711582ebaabbe383130a334d9cf9e1d56c6de8d472865923db259663da38ce9a4644e9b8c5339766a67944738a7d8b2ac1786cbd1592cc7063ae5957c1a0bc8b536cc5788b524f936f7d4138366a249f6f73bf1b646d1b6d3eaee861e0add52dd2ec6159cdc706e2094a9e591724b4b529ca12ce31c99f632f970d96df4331e11874aaca9cb025675b3aeb11ca3114de5f08c884fc4a6455296239349509284a39efc9257e1291854f319997565be9ac16c73e264745d3f79cc62da3aeb19a75163b33cbac6e6542e12c9df6897d09d28b6f948e9d5b3d9962e82724a784491ad88f730bc784e392b52a254771d17e122e728baf94f936942bd45149339ca35b357b9bfb459a4994efb5bc5b0a9773541a78ec79d7545ecd5e36f184ceee4b7c5c7d8f3deaca69ddb82ef936c6b2cbd32fa7eaf8f16f38e73947a374eeab3b6b654e4d617a9e6bd374dd2823a9a3711852e7b919b7d593bda3d49460f139a3676daeda554b3289e535af632f279322c65755be5a4e51f73075793d7695fd8d44945ac92d4a74aa47723cfb48b2bf5523295478fb9d7daceac2828cde593c5e25ab4e29f0412e192665265b2438d3113cf0d22e8d287f8516c1724f0456c598f56d213794b9662cf4e69e639366d3f224841b5c94e1d686a594b3f42fe089d94bce28e91c229f31c96ca8c27da04711d7312b46dbf22c56f562d28f63a79d9424b8ee634ec249f05bd44b46e9d78cb3c92d3956c61c726dff052c7ccd16ba50a7cb9229722b4d52daa54fd042b49537f3a46daeae68525ccd234d7baf5b504def4d94b9ad12ad2a841e24b825563694d673fc9cb5ff56c16762c9a4b8ea9b89b7b5b48a5d8bc8f4394ad29bce62b05b5755b68471bd63ee79757d7aeea26949ac9872bebd9f7aaff00929761e2f52a9ae59d3e6534635c750d9497134bf73ccfc5b99fd551bfdcb1caae796caf9f5698bd0ea7535941a8bab15e7dca56ea7b6714e3711e3dcf3fdb95992cbf7624fe4e22bf91e49f17d0ff000975195edcaf9b316933d572e4f8f23c8fe035ba8db42a35cba699eb9078cfbb2f18af45c5a8b8900fb00fb016d4fa4851354fa485000000000000000000000000000000000000000000000000000000000000000000000000000000000000001fa901fa9013c7e9454a47e94540a48a7915914f223fd3fd53b89612ec552e4b67258ee2ce99591a1ea7b954e8359c7079b5fbdf59c93f33aceb3b97be5052f338f9b67adf9b1e4797bf34328f3c954b08546529bcbe7b1e97c8f372a4a584635c54c536cc8ab8c7746af50aca29c7289f2f4af5855ab6ea8d197a5d195c55514b269e753136d1d8f4151a75ae22e4d7ee73eccb8d35fbae8f41e9f94e319382fe0ebad344b7a294a6ff00632ad7c1b7a29662b822bed66d2d639a92527ec797b32b6bd2d3c52ef4fb48e271a70fe0c9b29db428e134b1e48e5aff005d9ded46ad62d2f53334bb7bba904e52ee65ef9edd52c7433bea116a2993d2adba398f26aaadac29454aa3e49ad2f6de11dbe243f92964693391b38e5f2cbf1c71dcd45c6b76545372a91e3dcd657eb2d3a937f345e3dc8f026d8ea32dac4b06a752d1edaef7788a3cfb1a3975d584a7c73f62cadd6fa7ed7f2bc8f1e31d9b25723f12341b5b1a3ba9c61caf43c5358494e6d7187e47b0f5ef53d9ea3454628f23d5dd29ca58584d995c675c197d719accdca58c64d1ddb4e0d6164e9b56b759ca673b7d4b13f62de3c8991abab1c432b868ccd3a7192c79914e9e5b58e08addba35bd1186dc7d22c6efc3e3244db522d85cee6a29e4cca3454f96799b30f6cafa2849edc60ceb55bbd88e14128e1227a34daf22dae70eb26a528ba7ca4f835d5e9a8c9e383653cf87c7a1aeaeff0033bf99eae88bccd8ee39ee5bb79c192d27d8a2a6f3d8ede7a5fa81db6792bf81f1249990de1a465dac1b5939f3f4adac2a541d164d566dac1955629b22a90f4472e7595ac68464df997ce2d2248b4972b05b5a6b67733c67b4c6befa5f97834f34b73c19d79532dac9831fab93ab5ceb5c56ee7079336d6f1b5b7262544896ce9add91b704b65071a9169e0d6ddd3d936fc8d953a78c34457b494936b939f0bc431aceb61e326749a953e0d3bfcb9f7c1b3b396f8e1bf235bed086a7122b1a98e096e6097260ce5b67845a2d232631729eec1b6d1ef274aaec7278c9a9a75310cbe0968564a6a4bb96c32e55acf4ef6debc9d34d7997ceee4a0d3e4d468b791ab1506d1b3953df27e877ccfb149f5870d4946ef6b584765a555f1282967c8f3fbdb771bc4fdcecf41a98b68c73e442d6ba0a1b679ed938aeaeb09c6e9d4593ada126a798f2626b94635a9fcd8c9aeb8ced729a1546a7b1f91bb9f75e86995376d5db8af33694aaefa7992c1d1e28c73e54b4e10955597e676bd3f6f4634e32db17c7a1c02aca35961f99d9f4ddd3928c7d8e7ce3ab0cbaebe92828adb148c8871020a097869bee4c9f064e882ce4a639e4ba3dc7190b915c93453659144b0e034ff15d8d2c97c382b179e092104c718f6f44e52ed14d1728b5cbe0ba39a6f1e452e2ee9538e64d22b6c8d315b3825f3467c98d71751a4f127134fac7515b5a2934d3670dae757bace51a4dfa239f2cdb618f5dc6a7af5b50ce6697ee71dac757624e345e59c4ddea377735733a92c18eda94b97cfa985cd7f06daff5ebdaedfccd235356f2e269aa92965fb91557252c26527c479e594b9ad35af8e5c732932c9fa6d2916dac762f9ca2a297994ef5a49c5b0c6392b8c7cde4589e49e938c96d6d04f62d8bddf4f0490f7e462116d46498872da6454c5ad3932bb7754514893115e68ad8c77df463dc9c3e99be90f83569e0e876f536e1b8ae7f63d1719cfdce4be1953d9d3968b18f917fb1d7fae3d4e98e4cbeaa8b9772d49955dc95550fb00fb04ada9f490a26a9f490a000000000000000000000000000000000000000000000000000000000000000000000000000000000000003f5203f520278fd28a948fd28a8065acb8a488a4538c3316e66a9d19366449fcaf06af5ba8e9da4b9e4d354ed65b6f1c1f53d7552ea58f534751f265ea9294ae24dbf3306a79fb9ede9c391e2eecfb56cb928f0972560f1dc4e39474b97a8aace2a9b39fd4e4a4db8b367a8cb641a39faf3dd279c9a4c62bd4314db7966f3a7b54958544d3ec68fe5f2c9654aae0b866596aead8e5c77779d697185153e0d0d5ea5af7778a12aaf6b67295eede1e5e59810bc952abb8f3776be574e1b2be88e8f9e9d1d3d55ab563bb1e64fab75969f61071a7529e51e0d47a96ee8d0d919bc7dcd1eabac57ad5332977f73932747f5bc7aeebdf122bd593a749a71c77473371d5f793cb559c727056d733a8f8ca26ab55a5997632b64aa5dd937da8f555e4b29dd4bf966b1eb95eacd66e5bcfb9cd6a5709c9a48c4b7af99a587dc9b9ce13657a0da5f554b778cdfee52a6af5dd471536cd0d8567e179933a9ce5a39f2d8a659e49f50bea928b6e473f7f7ef0fcccfba7be2f0cd4dcd18ec79e5994d9ed5f2b5aebbbb7564a393597f19faf0350aca8d7e33830ee2fb7f193aa5ec74617feac72717c96dc3a6a9eef322aadbe482b4d7eacb4329d8bd9d65e98dcab67c8e9ada9e5452eece574d949554e3c47dcf44e8cd37fe27754a9a59cb3932d52b3b87b49a7e9b52a472a0da33e9e9325179a7fe87b6f4cfc3c87e062e508e5f267dc7c3d5b1ed82fe0ae3a7899a6d7cf35ecaa422d6c3517163514f3b783df757e819c22f118e4e3b59e94ad6f9cd3ff43b34ce34ba391e5cadda7ca2f953f978474f7ba4ce9b69c51abad6938b6947b1d9cf4c6cb1a6d894d651b1a318786452a127530e26546838d3ce0e6dcceb1aa45e782379ec4d3dd9c245367af73cfcbea9d61554f262dce545e0d9d68639312ac148bff8bc686ac24e6f8209c5a7c9bda94238cf06b6f60a2d9aeacb8d31ad7d424b5a8e0cb24d37865ada89b679762cdcd0aca48acb9ca3074e96e6673e25c9c3976543577f06a792fd3ee1467b65d89f518a507266a6134e798bc60d75de93eb7775522e9e51ad94ff00332c9a83f1128b2eb9b75159f62f6348b63554960a5393550832a9bcb29e32f1135d8b489cbe3a7d0e4d555cf73aca29ed4ce1b4cb8516a499d869770ebd1493e4ecd58f597faaea14939292ee6d341a98862460d559a987c97d2a9e154497193a3c4caba3a1564aaf0f82dbca9e24f19316151f869c5ae515b253a95fe634c31e32b56d3b0756a378f31796df8783cf1c1d35adbc69c149a5d8d2f544a34e9b7e58f23a2715c79d728aaafc5b5bbccecfa56a7e6c56727036eb75e3965e32779d254d3af16bd0e6d8ecd6f43b6f9a11fb1949248c6b75b631fb192b0d64e775c8afca5bb537dcb924cbd534fd42c53867b33268c52e24596f493794fb19ca104b32ee45b234e762154d7745d394211cb6918b7f7f46d54b74d2c2384d7fabe3073a74e6f2659ec909add66afadd0b7a6dca6b2bdcf3fea3ead9cd4a3466731a96b3717d51e6a3c76ee6b6a4729b6f2ce4cf737c7525bed52eae64d4a6f0cc78c72b74a5c947d9708392f431f2adf0c78bbccb25f5053592936dbca22d5ec47f36e23beaae85273cae179a27cf060ea5568c28b75d26848a6578e7afba9aa52aae11c71ec632eaabc9e52a19c79e0b2f2be88eab6e8b6fec40b57d1a8271d93e3c9246b3065724d53a9f516fe5b77fc1643a8b5869b541e7ec5286bba426dba753f84491ea1d3373db4e78fb0f13adae81a86a773563e352718bf63b0504a09cb87839ce9bbf85ec92a0b18e793a4796d29b4fec67945f1a876bdfc3c9b1e9ab775f59a71f73094712c47cd9bae818caa7515258ce58c119d7d3fd0d41d1d0ade2fc97fe0e863ddfdcd774f53d9a5518f9edc9b248e98c2aa51772a3cc957807d807d8256d4fa4851354fa485000000000000000000000000000000000000000000000000000000000000000000000000000000000000001fa901fa9013c7e9454a47e9454032d91726524b24527d58d64e73ab6e365bb8a3a49709af638ceb196538e4e8fcf8f6b9ff465e9c5d696f937ee62d47ce0c8a8d43386636136d9eee13d3c4d9f44566f110d6164b2a3fcb6cd6473d69b55a9dcd1547999b4d4a7ba6d335924b7132f155ad60c2b96f9e4c9af55c1791adbbaeb9c11965e931895a4f777302e776eca3337293cb2c7053961f63cafd39f1d3831e359a861ac98955ca753e932ebd3d92c4725b4a2e52593cffe8d99361496dce3045a86e8c1e0cfb686d4477f4a2e9befc98659755ae56ba94e6b24d6743f317064d5a104f7725d6bf5a62df4995b6b4a6a3025945344706d417b97d4c28f739b2a5ac6af4f878357709a8c91b4936d3461d787766132f6895c3ebaa4aab68d4b8c97ccce9b58a709d4699a2b9a7b7291df85ec6d8fb40ab6560893739edc1724a3c99165454eb268dafc69de332c6da4f6c52ee7a47c3faf2d2ef6949acf2bb9cce99671c464d727456ae145c5a7ca324ff4c65f6fa9ba1b59a37965052924fb1d72f09aca793e63e97ea9bab17154ea6164f43d23afde12ad5967ee6931eb7c37e0f55ad6d4671e629e4d46a5d3d6b7709669c72d7a1acd37acac6b6d52a8b2d7a9beb7d5ad2b24e15573ee4cf4d7cf1ae1756e80a35149c628e0f5fe88ab4252d94dff0007d070a94ea2cee4c82e6c6dabc5efa6a593599d679612be50bce9caf46a49b83e3d8c0ab693a69c5c59f4eeabd256771196ca786ce07a97a0ead08ca74e0dac67b19ecf6c32d4f10af6ef3d8c7952717c9d5eb7a5d4b2aae3560d334d714138e7072dc1cd9ebe3497524961f7313b936a51c4f8661f8a92c15ca7229270aaf2b06bef69b71c9b049be486ee39a6fd4cb1cb95a62e7aa6632e48672c93dee549989cf73b75d9634919ba654db33672aa9a3496524a6f2ccb751f9339f71626bb7be935934b3978551f26ca557e56b269ef5626e4ccf5e4ac9edb4d2ab2ce6466dc578b47376d79b7833a559d449af437f26896eaa2c33169394e5c134a8caa53e5991a65ac94f9ec5b1cbda535b4e54a2b274bd35a86e9a864e6b516a945a58ce0cae959bfc4a7e477e9aa58f419be77b302eeed2a8b0fb13d7af0fc3e73ce0d1ce5e255ce7cceb8a5757a45cba94397e66e74ea8a3553c1cb68ada497b9d469d1c477b348ceb7bf898b8ededc1ca754dd6f93a51793617b790845bce1a39cdeef2edb92e324daacc7daed3acdce1bb1c9def485a38a8b68d16896adcd476bc1de68f6b1a308e13fdcc32aeed58f236f4e3c2fb17e5a78449182514d7726a341ca49e0c32f4e89d474e12ef83229a93e36196e942953dd335da96a942d69394aa25c18e59f1ae33acdf128d08373693c7a9cbf50f5253b7dd185459472dd4fd593755c6854cfee7137f7d737551ca737cfa18e5b5d18e2ddebdd49737326a3378c9cf4ab4ea49b9e5e4b5710eedb2c526de19cf9e7d6b3051613784572fcc28aeed8973c1cf3dd6d8fa5927c96365ee2b1dcb5c523416958b5ce4aa595c965458ec45489f2cd7eb54e9d4b66a538c57b9b0f9547ccd2f515ad4af6ff0097ce78e4be2a66e6ebe9fa739e677914fee5656ba4538a6ebd397f03fb30e494eab8bcf9145d33693935246f2b9afd494bfe0c9677d2e3ec5b0a9a4babf2f85fe83fb33a6d3789264b1e9fd2218787922d4c74dd371b770dd43670bc8dded725bb26afa76d2ced6df1412cb58c9b7829a8e3c8cb2691627b76fdcea7e1553f13a8a8371cf73999423b7397989de7c1ca2a7ad5196decf0305737d25a52db6905ec64a7c10dafc91515d89bcce862b800003ec03ec05b53e92144d53e9214000000000000000000000000000000000000000000000000000000000000000000000000000000000000007ea407ea404f1fa515291fa515028832a51114595b88b6707d6351ef68eeae73b1b3ce7ac6a7e7b593b7f2cf6e2fd37d39b966446e3824f24ca54eeb07b98cf4f1f2ab25f4915678a4cbe49b9e32477706a8bc32ec6b9bd425f98cd7b97cdc9b0bb8fcef260555c3c222e2ab12f5ee5c1adaf4b6c72cd955785c983792cc7f6299e3c898d556aca3278322d25ba3b8d5d6cbaed791b4b3a7b68672783faf2f6e9c115d35b85ae1c8c7b99b751a3234ee65cf270fbe366d69a8a8105db8b8609bc9105dd36e1c19f922c696e3bcbee476bf5afb97dcc5a9b45968bf37b97caf21316c2b4e51822195d35f515b96d53ee6b6ad4cac1c59e6ae538ca77d08e4c5af7f0945f26baedbe70f06b2e273516d339e65ec911ead731f15fcc6baad68cf1830b53a952527dcc5b7a93dc936cf4f57c6dadb1a94dcb85e66cf47b3a8e6b831f4f86f9c1359cb3d9fe197444756db525158fb1d7cf4d3c7ae574cb2ad18a6e2dac1b2a56955f2e9b3dc6d7e1bd2a4be88f6f421b8e819433b23fe863cbd67969b7dbc8ed62e972e383294aa677aca477b7dd135e1078a797f634377d3d79432bc2963ec6f8de33baf28d551d4ebd2c6d93e0da597555ed0945ef9613f534d7567714a4f34e4927e863d45b60f726463eea665947a4e91f111d3695699da697d79657518c5d68c1fab67cd1795b153e59497ee591d5ebd0c284a595ee75cd72c6d86eb3ebec5b2d52cee69c650ad1937ee4f714e95c5271961a3e5de9eebebbb48c62e6f8f73d0746f896eac142acf0fee6796ae34bb656c3e24f4edad5a52af0c2dbdcf16d4e1e04a705db3c1dff5875a3b94e9425f2befc9e6dab5e46a49bc9cb97231cf38e7f56cc3737e673f56b38cb3936dacdcac3cbc9cfdc55dd0e12c9cf9e52fa67f5b3a1790db8932db9bba5e1be4d13751ac26cc0bfa95e117cb329846b862ccbbbaa6e6f0cc3ab7705134d56e2a39776455ea5470f335c7d36f1e362eff00649e193db5e54a8fb9cfd1726f96cdd6914df1945777b85c5b184a72663df2938ed4b933e9a519e305b5a9adce5e47361eab3e7b699d29430daf336d6724e11e0c3bc96e87cbe449635bf2f6f99bf535b349d47b57067d9d3f0e0db7d8c1b3789649ef2e76c311e0d30bec9931351946a557c9b6d0bc3a54d4ce7abd46de70665b5d38d38c53c1ddab25fc7aec55d2a94dac96538e5ac7a9a9d3eacaa4963b1d258dbb9b8f077617b1867f5b2d1ade6e519791d1f891a341e4c6d3a9428d2527c246bb57be756aba54b85ea8d664cec41a8dd3a95b6c7d4cbd26d66a69b8f7316c2d5caa65fccfdced7a7b4d954716e1c64ae592f862d9f4e69f2f0d4e503acb6a49c5452e50d3ac9d3a518c626e695a429454e584617277eac5051b7f95325a952951a4e539a8e0c5d5357b5b3a72f9d708f36ea6eaba95673a5464dc5fb9cdb36474cc1d2f5275353b64e34ab2935ee79eeafaedc5dca59a8f0df6c9adaf56a576e7393e4c6aa963ff00272e7935c702ab727b9bcb2c5ee239f30ce7b5d130e0ca463c146c36f05396af2a99ee5ad954cb5b131e1d5ae45bbb9132d5cb2e4f6ba52f245394b2964b94024f3dc82de29be32a6f8e4e5fa92179556da529457b1d349a4a4d2c3393ea1d435086616f058cf9a2f8b3ceb4d3d2f5396dff00e32a7d82d1aff767f1d35920af79d4f98ba54e9e3de3ff00b96c65d4f51e5d249bf48ffee6bfe39eb3e96877326b7dfcb3eeccdb7d16b466b75ea92fba35942875034f7c63fc7fee6cf4eb3d59d4839edc7d8a5ab4765a15a42de92729eee0d84e7e5131b4fa0e16f1537f3609e516bb14ad318b5e764bec7a97c0ba2a57909b5d99e5926d3dafccf66f80f698a3e2f7f9917c22338f7351c725508957dcdd82a00001f601f602da9f490a26a9f490a000000000000000000000000000000000000000000000000000000000000000000000000000000000000003f5203f520278fd28a948fd28a807d8a44abec52245421bd96da4cf32ea96e7732fb9e93a97f732fb1e69d472cdc4bee77fe4fae3fd2d255e122c9678c9254e52f62c7cf07b73e3c5cfead845b992ddd3fc8644e5b1e4a57bc8787b5b259d73d7b0c4e5c1adaab9c1bcb88c6ac9b46b2e68b555244f556bae28b71eccd4dcc70da97183a4baa7b12cb34ba946397ee533cbd2639bab08bb87868d9505b28e0c685ba7719f7332bb853a7cb5c1e17e8b2e4e9c1815e09cdf1c991614f0cc277119dc6326daddc153c9c3b7d46c9df7e0b2e64d53ec537ace5165cd44e071e17b469aedbded98f6ae5e37627bbe72596cb0d1be7f16896e64f6e0d6545ddb3675d368d7d68f933cedacf26aee66dc9a316b52728611b39d1529f62585a26bb19e18db48e2f51b592937835d4a854553ccedf51b058ce0d54ecb0f3b4f4f4fa698a1d36328d483cf667b67c38eb18e914a106d1e31cd25c2c326b5bfad4a69eeec7a18cec6b2bed1e9deb9b3bca11752704daf367450d774fac97e653cbf73e34d33ac2b5ac12f11ac1d4e8bd6f5eb358acf8f71e29fede3e9f5653a9635965b832cb9d334db98e36432781d875cde5392f9db46f6cfafeb269ca647a5e6e97ebd1aff00a3b4fb84d28472fd8e6f52f8736f34fc3c65f6c1814be24b8fd538ff0006447e2651e332867ec46394959f63cfbaefa1aa697465563e47955eca707283ee99ecdf117ae295f594a2a50ede87826abab45d79bdd1e5f91d58ed90f4dada7f77b9cb93263a8f838fccc35ee7212d62518bdacd756d56b49bcbf32bb76cb14ca3d0aaeab1a90e64dbf5355797d272efc1a1d3f52728624cc9cf8af39678dbb6d63cb3eaebd9babe7dcc0fc3cb777e0d978516bccaaa692e51c576dead1ab9539537922b9b7f160f836f3a5092219c5422d244cdd5a4bc7237763255b84f05df806e9f28e89dbef79db92656d1749fcbd8df0ced698e7d718ed1c278dacdb69f4f6a5c17ea1174e7c24416b5aa6fc791b677b1ad6c24bcd16ce4e50717c17424b637935f7f78a1c67cca618f6b2ff56d78ec8b5dca5b38c5e7b1833ba9d596117f8ae2d2c9adc78b58dfdad46f184f04974b2b263d84df82654f9a64637dab31f6d75449f088a0aa6fc2c93ce0dcf832f49b5956ba8c30dbc9dda7db5bea375d2f6b5aa35ba2d707a0d85b4285052a9c7dcd768d6b4ece846538fcd8336bdc54ab88457ca7a38593173df757ddddf891f0a976f622b4b64e7f326d93db5b729639675bd2fa04aeaaa94a0f1f62b955e61d6374be872af5549c1e1fb1e95a368d1a34d621fe865693a451b3a2b84b089353d5edf4ea2d392ec65967c8e8c34b26a55a369472d2ca393ea4eab85284a109acfb339fea6eac9d594a3465c1c2ddded7b9aedcdfb9c79ee75e1871b3d5f5baf75397ccf0d9a6a8e5296ec94e73c954fe638f2d96d74cc566f9670d705bce4be6fe62dc97c7daf31e2d961163c974d145d88b1adf8b1772adf0196c8aa9142d6cb9fd2588256cd94835b9725d38e564a422b7206295b226fe6f6259223c3795820cbea3b89620e6976471fae6b6a8c9c15a4aa3cf7499d75dba74a8b759b48e4afb55d269d56a525fbac9a62cf26aaaf52d46a2a3a7d57f6832d5d437b2ca859d7ffb1996b5fd293c4543fed11ea4b58e765287fd86ac2b1a96aba8544dbb7aebff00499fa4ddea35ae60b1522b3e688edba8fc49e234a19f2f90dce8fa855af72b752a6b9f28a456c5a3acb453fc3c777d58268bc77104fc08bc61b0936675a4ab6a2539c71c65e0fa0be06d9aa5a1ef7df723e7e54e52b9a315e723e97f8436ee8e811caeed17d6ae75dfc4abee023662a82d9172001f601f602da9f490a26a9f490a000000000000000000000000000000000000000000000000000000000000000000000000000000000000003f5203f520278fd28a948fd28a8029d8a9491148c4d49e684b1e8798ebefff008997dcf4dd457e449fb1e61aebcdccfee7a1f93eb87f5358f18fb91a8b5c9235948b2abda8f6a7c78b95f68abff76fd4e7af6b4a355a6f83a0aadca0f0735a9d3978adfb8aced4946e1b8f1931ae2bca3513917d05b63c985aa4d38369f253a48c7d5f50584a2cd35e5795449a7e5c965fc2729672f043cc62bcccb765cc5798afa33c4b73359ac5d4a3b9a6f0663a8b773c181a9c6352123c2dd97ff4d71f4d7e9959d4ad9793a3849ed8ac9cde99150ab9f737ce784b1e873ec9d8d656629a71c223aeda872476d3ccf0fd497516a34728e5c31e54f5ada9252782fa51c726b9d6f9df3e664d2af1dade4df64f4b32aa4e18c3c9875e29aca2ca95b73e02a89c70cf3b3faa64b294539e0ce85349ae0c6b749cf26d2942324997c2f08d56a7b547b334f71251a4e58e0dfeab18a4737aa548c61b11ddaf8bc6aeeee23cb48d5d5b97bf865d79296fc230aba92e51d733e46d8c89a5733dd84db37bd397f3a7552dace668c2a39a783a6d1e925b5f1933cb719631dedadda7454b382f9ea2a0d472dfd8e7fc4a91a4b6f24f6539d4ab1dcb273e5b9cd965c6da77f371cece08a17ca4fcb24f71182b7cbf43470a9057497f98a7f5a8995acbd5a552b5bcb318f63cf755a4e15e584b39f23d42742352d9bcf91c16bf4152af27ee6d86cb5b62e72551a78e42ccf84495e936f256de097cde8ce8f19635496919d3aaa32f33a7d3f66d5bb6f6340b12a9133a33718f1238376b8a673ae9ede16efbed2dbca547198b473b4ae6a27f5332a173294796d9e7e78c9597b8c8dab715fc3c66d3e0b68ce2d1346447a476ae953a54e8bf94c08dcc29c27b9332ee24fc268d15f5470a523af4f2a71cac6af56ad1a9524e1b92c9816d371a9972e08ef6e252ca46251aad4d6ef53a73c3d3b71f71bea957f29e0d55684aa4db97633a8ca3528fca51509776b82b8725579ed0d2a118d3ca5c9873caaeb73f336b98c60e26aef29cbc4dd1ec6b7ffa32f4e82c251f012f5332b271a6b1cf1e46af47cc9454933aad374c9d669b8bc790c755aca6c6bb4db39dc4d7caf97e6757a3e954edbf35a5bd19ba769f0a092d9cfd8d851b59b6df91dfa75f17ef922cd5aeb6e1a4bd0dae976529e3e56db32f46d26b5cc9469d26f3ec7a5f4bf4a46942356b4571cf26f95e2661eda4e98e959d7946a568a5cf99e8567636da75b2708a4d22ebab9b4b2a5b63b63b51c47547564a09d1a5232bba475e1ae37baeebf46de94a11a8b77b1e67afebd56eeace9ef66b751beb8af5b7caa3c379ee605669cb72796ce6d9b3aebc75ad9ca6e79ce4b2a6eeeb01e4aae4e0cae5d6d301378e4a25ce4ae0b65c1322ea4b97929828f257c8d3bc4f549725a8ab2d23a9ec19648bd96488554eeb05ae2d17213ec387564b9108bcf70cba0553172f72b84d709e4a146f1ebfb045635f5253a125576a8e3cce3af6c34475dcab2a127eef93acd62953ab6d28ca728e57ab385b8e9fb4a95a529dd54eff00e266b8c6395643b3e9f82cc2de832d4f43a7179b5a4fec594f42d260b13bca8bff005325ff008468e97ff36de3dcda7c65d56d2fb4684fe4b04ff637da35cd9d4aebc2b5f0ff00634f674344a12c78f96749a1d3d3e5513a33c99e5578e869a93a6a597b7d0af3e44ca5154d452e0b1c924cc6df6b2cb65525a8dba5db79f527c3aa52a5a251835cb499f3268a9d5d5add28e56f47d59d254fc3d2a82c63e446d84532adf0451762a8d541ac9540000fb00fb016d4fa4851354fa485000000000000000000000000000000000000000000000000000000000000000000000000000000000000001fa901fa9013c7e9454a47e9454014915292208c3d49e2d65f63cbf5c78bb97dcf51d4566da5f63ccba829e2ea5f73d0fc9f5c3fa9ab441596ec93c7b3227c33da9f1e2e485e631e4d2ead88c9bc1bead1dcb28d16b69462f22b2bf5ad9578f84f9e4d2df4e4dfb191bf2dacf99157a7bda8af346595e3491abb9a929c709223506a8b94f06d2560e30dcd1a5d4aa3a72d899c7bf2f4d24615dcd61b8e726256dee8bcf99378f153c345b7d5d781f2c4f1f3bdc9a48c0b55b6a2fb9bda50dd0526ce668dc4bc67b96119f4ef2ae128f619cffe566ee94313ca7c11ea770bc16b3d8c6b3ad51cb9ec43ac49781269f273633da5a69dc6ea92c3f3248566961b35342a62b4b3ea5f5af2319a46db27a59bca15135f332aa4bc46937831adeac256fbd1351945c77799e5ecf554aceb64bb9b0a5536c7935746b462643b986cce4cf1cbd915d49ef8368e4f568bdf9f43a2ad70a51c2673fabd44a476e19b4c5a7ab41ca5bb0435e871d8d82ab171ec45525191bf9fa5fbc63dbd34a3ca36363e2b9a515c16db52525866dec2de2b0d23976657acf2c93469d674b96c92d2ad4a534e4fb1994e508436cbb98f70e0fe939b2cab2acf95c3ab4d9aed89d74e2b9c97d0a8a3069975bb8a936c9f3446ca8d670a0e2fd0e3fa85e6b36fb64e82bd6c41e0e575db88acb97a9d5a737462d65cc938e123168fcb3dadbc05711a8da4569bccb183d1c6fa6ac994bb6cee8912acd22ca1f2cb2d1bdb2a76ee9a6f1968e2dd4e75a8a2e5bb1866ceda31c7ccb064aa3469e64a299895eae1f0b079b9df6adc59784971810aad4b1c183e3351e1e59642a4a52239d67636ee4a5079c1a9d4e14e5464b24b5253507c9afaf19d4a72e4df57a24682e6872f18359751d8f846e6ea0e9acb669ef6b36fb1e8e19794e3af0f8cfd32e5786a3b5e4cf771b21f345acfa9a9d1abc63539c33715a352e64a3187045d7ed5caf3db1a528ca598e4968da54b8a9186c6d3f336da56815eacd4a71c44ec34cd2a8dbed52826bbe4d75e1c67965e4d574fe83b545ca276da75953a34732c26970636fa3452549a6fd0cab3b4d4752ad05469cb6799d986319ff3b6a48edaadc6961c91d474df4f5d5eb8669cb6bf3c1bfe8ce83718c6e2e20f9e5e4f47b4b7b2d2edd454629a5e86be5c75ead6d6f4f74fdbe9f462e70e52f324d635ab6b18ca29e1246a3a9faa29db4650a5512679aeafacdd5e5494b7b717ee73edd9edd735b6fd47d48eeaa4e34a584727755ea557ba4f2552df16e4fe621ce25b5f63933ed6d8e3c46e52970cac76a892b8c4b2504653ada542fb955d8ba50791b708d392afe5e96be0b59748b4ad9c57ab596cb845ccb65d8a1f51c9f23225dcb700e2ad946b23182a168b5f0ca3e4acbb9402984562b0c05dc9e2cb9f0f8195149f2552c8586f0d8e22fc697a9295dd5a4d51a9b73ea71b3d1f55949cff001515edc9d5754ceed41f81172fb1c8ff00f8bd47874aa2e7dcb62c324d4b41bb97356ea9ff00a9910e9e93ef5e918552c35694338a8bf914743d42a2cbab5937dfb9b7f8cbfd6d2874fd087352ad2e0e97a76c68dbe1d27197d8e4ad741af192f16bd6fdf276bd3560ade0bf31b7ee659348dd29a93dbb5a65651f91b13551cb1858455cb106a463fead5b5e8750a9a9c1359719651f54e890c69f454576823e62f86f42357577f73ea4d321b2ca9aff002aff0063a3052b2515f2c96a2efd268a09b2a5a8b8007d807d80b6a7d24289aa7d242800000000000000000000000000000000000000000000000000000000000000000000000000000000000000fd480fd4809e3f4a2a523f4a2a0525d8a22e7d8b51151fea0bd59a525ec79c75253c5cbfb9e95711dd4dfd8f3dea7a78b8677fe4bedc9fa639ce164c5af271967c8c9ad071967c8d7ea35a2a2d45a6cf5f1af1b39ed250ac9cda668fa8a4e4e49195615252ad8663ebf14a0e45fbe9873db9752c49ac799954e9ee6a78228d3526dae7932255152a3831c9ac43a95caa3470ce1f56bb552bbc71c9bed66e5d44d64e5ab536eb397964e4db1a44709bf1526dbc99b5696ea2cc4953c4b77a12bb87e16d5cb3cdce7b5e46aaac76d5c7b9b3b449432d1acab2978adb4cccb3b84d6d6d196cf8b33e15b6cb84635fcdd5a5248c858daf831aa47e491c73b28e7274dc672cfa98175953e4d9df4b151a5ea6aef5e396ceabee2ccab1bc9462e2dbc19f42e2728fcad9afd2a82ad1ce0d952a12a5c6d6bf63cedb8fb0a95eaaf364f46ef34f12ef925a76ce74f2d60c3ad6f3855c24f073f8fb53bed3d5ba50864e7756bf539e33e66eebdbce74fb339dd42cdaa8de1f73a75e35acf8b69d56e29e5957718688b6350da8ba9da54924de4eaf1f436b6355c92c1b9b39d48ae4d3e936d355127d8eaa859a74d61a30d987a458c4af39cb18c96cdb514db36bf858c69393e4d4de26d4b070653da9455a2d6325b1b8507cb3555aace9bc73920a95e4dacb0ac8dc56b9524f1239fd662aad37cf993aad2f535ba957c41a4cead3f5ae3f5a9a4b6d46b38e4db5a5b4e725b72cd2c5c9d64d7a9d8f4f283a6b760f4f09d8e8958aa8ca9c96f593696d4a13a69c5a4f063ea5384777297a187a6dc4d4dfcdc1cbbb0eb5c24bf5b79426b8cb661d6a5372f533217395c96f8b093e5a3c8d9d95adc31e35b52128bf42ea798b5966557516cc6b8692e1a2f85b5cd9c91355ab1f0f184623a8b9e089d5dcb19c954f2b0b9675ebd76b19f581aa28ed6da3415a0aa3718c5b6cebbfe197376f1b25b7ec6d74fe9ba54e29d4826cf4f4e09f2723a068d52b4e2b663f63d0b4ad06952a517530d935bdbdb5943e48ac9351af5ab3fca8b79e1247578c2cb59718d3b74a29708acbc7b9a9185b424d3ef8375d33d27aa6a7711752954506fcd1ec7d25d01696718d4af4937df944f871a61aebce3a43a0eeafa51ad5a0d67c9a3d73a77a4ed34db75be11ca5e86fe14ad74fa5f96a1048e6fa8faae8db45c633867ee45cbc5d58e0dc6a3a95ae9d6bb54d2c2f53cf7aa3aa275331a33c67d19a3d7b5eb8d426e2a4d45fb9a4943ce537233bb1d18e322b777156e24e751eecfa98b87dbb226938a5dc8dadcf839f2bdada2dd9e8cb25044bb71dd9471f72ad2710e060bda0d71d88e1c5b8458fb97f9163ee4f05b24bd0b64960be4592ec4711513ee5922f7dca31c56544d16923c1648ad6916c98f2298792be44416ae64492492ec5b045d53382f059c1558c96c69c9b2454dae495bbe94fb1738251dcda5f72dce19749b70e63948552d729d4baace84f6c537f6468d6b37738fe5e57dd1b8ea5d4e950a8d7e1e9c9fdcd3435e9ec7b6c293fe446797b5aaff5aab17b2ae3f665aaaf51bc6cae97ecc8e5afde24f6e9cbf64cb61af6a1858d3dff000cbb2e3656b0ea09e3c5aea49f7e19d974ed3b9a74978cf2725a6eaba856c2958ca29f0de1f076fa1b9ba199a6bee5725a33a5513788e532939e561a2b34dbe127f62d973c358f732b3dad5ddfc1eb4856d46a4bcd7ffd9f49d05b2de0973848f9f3e07594a77d59a7958ffc9f4251f920937e48d718a55ebb972ec5abb972ec68830800003ec03ec05b53e92144d53e9214000000000000000000000000000000000000000000000000000000000000000000000000000000000000007ea407ea404f1fa515291fa51500cb59732d645f84faa54fa19c1f5543159c8eeaa3f919c7f56c166496338c9d3f9afb736f9d8e1ef2b28c648d05c36eae7cb26d3544e397ea69ae1b69e19ece35e3e73dadb3aea379b7c8cdd4a942bac7a9836b6ef76ff332b77ce9334eb9f9edacad611a54db8a345a83a91caf247557d271972f8c1cfea952862596b25325e397bb84a7935eade5bb0fb64dbdcd4865e1e4c4b89af05b8a7939b634c5add5a0a8dbfcafc8d35957fcc69b32b56ad52706a4f83434955856dc9f079d9fd6b236f739945b8a21b2cc6afcc4d427274fe64569d36e5c230cac2b654e69c3821aedba322b6f4e4a05f351f0dc5f73972fa873379fde9afaf4a55aaed4bb9bbbaa0bc5ede664e9fa7a95453697736c6fa5e2fe9fd31c2116d1bfff008645c949a32ecadd469454523333b5a8ede4e7d9117e35ff00808287d261d6b18efce0deef4d61a2d94212ee73f8f6b1f7d686769150ec69352d3949c9e3b9da55a1194708c0bbb36d791d3ae36c6b8aa3a5275171e66ce1a5251ec6e216aa2f38464d1829fcaa3c9d98e3d8b75a2a561283cc57267db2a90e1a37342cdeee63e4643d3f31ce119ecd7c8569ae2a7e438a35f2a1be3966defed9c22f8e0c1ca51c1e46cc2cacec733a9d38c6e3060dcc146499b2d562a57594d77306ed2728a4ccf899c454a2a4606ab4128652f33756d41e338175672ab097ca74ea5e58e263b956e0dde99792a2b12229d8ce15a5f260a4683df867a9aafa5e54da8dccae1fc8534f8cd4b9f315231a71e3965f6936e6b088d98f7e2fd6e68425b79ec56e22a31f9704d42139d349799b3d1f41ad7b57124f079d9fe6cb2bf0b7d340e4dd3e442dea55e231c9db5c746ca1ca849fec4b69d3ead63ba4b83a757e4e4f8a7be387b7d26e2555660f06fb4fd12945a9548f27493a7428c30f6a7ee624dd4ab2db429ca7f63ab1d331463865d450a342de0d6163c8866ea56f969536fec8e8f44e91d5354ab17f85aaa2fd627a87497c36a74dc6775452fba3a309237c755790683d217faad74dc27b5bf43d6fa47e1950b650a9710cbf73d2b4ed0ac34da6bc2a508e3d8aea1ad5ada47eb8471ee5ae5237c75c52c347b0d329470a31c23135ad76d6d2949466b297a9c8f52f58294a51a755fecce0b52d66bdcce599c9e4cf2dada61c74fd41d595aaee8d39707215ee6ade5472abdb39208cdc97cdcb2aa4fb63831f2eaf2456ab863088e4d6c2f705279456704a382b62cc5daa5c154b697e147b071ca23c56951c9ee792982fdb809649e34956ed2d64afb1635c8e27b11345ad1232d6b8213d88a6b8229763226b8209a1c4540fb87d8ac973928fb1155916f9964fb973ee5b2ee675a4114908b2d94b92a717c0be4590ec564f8eccbc38ac725eb3959ec4509acf72493c128aaca3194b2911559a51929a6a29791495c283312f6f69ba728ef49b419dae5b5bb9d21dc35563272cfa9ac95f68f49714e6ff00736573a3daddd69559dc43bfa95b5d0f4dced957a79cf9b1156ae1ae693178f02a3fff00df610ea0d3a33f9684df3db1ff00b1d351e9bd35ae25499b1a5d31a7c22a4ada949e3be0bf622b41a7eaaae5c552a4e29bf43b3d2db95ba4cc6b6d1eda0d38528c706d685154a38c60ada88ad38f918d72aaafb36667096572437dbd525f7467feaef64f80d6ae1294f1de09ff00a9ed096547ec7977c0fa5b74ea755afae9ac1ea715848db1aa5117aec59d9972794590a800007d807d80b6a7d24289aa7d242800000000000000000000000000000000000000000000000000000000000000000000000000000000000000fd480fd4809e3f4a2a523f4a2a00a48ab28f922fc422abc5393f63cffabafd4754f073de2cf41afc5297d8f1eeb7aad752ae78c33abf3fd61b5897f1f120f08d0dcc312674319aa94b092ec69eee83f15f73d7c5e4e73d9651cd2ec61ddce54eab963846e2c28fcb8c18faada2f0a6d2f2348e7b3db99d5afd3a4f0f9393baad3ab37993371ae529538f9e19cdcaae2a3f62b9a62e78ce1b29529d495278ec58e7194b2ccba2b7d1786ce4dbf1a48d05f508ec7bbb9856d42129e1a365aac5ace7c8d6dbcf6d4cb6791bb3b2b793d32eb50508ada5b4f8782eaf5e32877e4c2857fcde5994bd8af1b7a5fdcbcf7c96c694a72e114b3978bc1b5b3a2fcd19e471ab76599f313368db28c5248cdad1ff002a2c8c96306d863e938b22dbf2d453329ca2e5dbc8c18b7948c9ca514ca678a33566949f051c303722d724fcccee1c66a39ed2cb9f9e1c21265d0927c3271f4306117bf9467d9d05bf3823a9b73d8c8b5b9841a8cb0766aabc74165694a70594b3826b8b28c293691816d78a114f2b0663d5e8ca93836b25f6ceaee7754a51c35839cbea6e116d1d36ad3849b9c1e560e7eea6aa662cf2f6ebb55ae52f23295cf67dcb2ada664a5e86eaea8c14d4b062dcce29708e7fe754e29674b10e7064c94634df621b78d49c311c9996d635ea492d92967c8e8d7aeafce4692f29c1b788f3f635b2b2a93cb8c25fc1e9fa5f47d5ba94652a784fd51d55bf42d28d049d34e5ec8f474eba9995780474ab8954fa64ff0063a2d03a5eeabc93749e1fb1ec16dd174a157e7a51c7d8dedbe9761a7414a53a6b0bb1d3fce2ddb5e7da27464a3b65563c7b9d8d8e8d6d634b7251c9917fad5b537b28c13f2e0c0556fb507b28d29f3e845c24698e36a9a9dc42345eddb9472d713b9bba9e1d2849e5f923d1345e80d4351c4eb4a704f9f9bb1dff004ff405958422ead2a7397ab43ca48d31d75e29a1f43ea9a9ca3ba2f6b7e67a674cfc2fb6b38c6a5d47733d268d95958d34a3429ac79e0c0d57a828dac70aa28e3dccb2ce3af0d6ae9fa2d958423e128a497a16ea9ac59d9ae5a4d1c6eb9d68d424a94f9f6670ba9eb97979393756787eaccbfa369addd750f5ad184651a73e4f3cd635ead7739373963ee6b2e14aa3dd2936cc59c71e845d9d878716d4b89549b6db65d0e796b0591586491596672f44d4d2c0f3ec22b089231f62f31158fd8a5444918fb14a917834906334b3c86b82e706df255478161d458e04572492888c50e34956389638f04d24cb1e48a863c97251ae096512368cff00d4c473ec4153b93d4ec41326add4322d7d8ba5df05ad32ab4ab25e6585f24f05aa382b62dd53b0db92e714d7988c9670ca711e453ef8c09bf9b18258a8c7e6447713853f9e4d22f21e48a538c3968d6ea5acd2a09e6515834dd5bd4d6f654a5b26b3f73c93a8baaebddd4946954973c70cbf15b9bd0f5aeb2a545b51a899cc5df584aa36e33679fcab57af53f324d92784d2ca90e32b5d53ea7ba94da8c9f3ee4d6dad5f39ee8d4fe59c7c67284b96642bd71927c8e23af41b3ea7d4a8b4b745fee6fb4eeb3b98e3c591e510d5b1de2675a6b949349c63fb91621ed9a7f57dbd4c6f787f63a0b2d5ed6e52db511e2ba66b362e2b7f8716cea34bbab5ad14e8ddc22fd995e0f558d484a970d18f72a73924bb651a0d1dd6c7376aa26bb64e9f4a83ad38466f96c8e7b5a3e87f83d6ce9e856b26b1f968f405cc78f5394f87149dbf4e59f1cca923aa825158e4bc88ab9e0aa2dc6595eccba1500000fb00fb016d4fa4851354fa485000000000000000000000000000000000000000000000000000000000000000000000000000000000000001fa901fa9013c7e9454a47e9454032855f62dc36288eebfb897d8f1af88d17475af13fcacf669c7bb6f8f4382f885a2abb83ad18f3ea6fa2f2b0d9edc1e957b094126f9c135ce2734d1ce5c42ad85cb8b6d24f06c2cf5184d624d64f5f0cbaf33662de58a792ba8c62a84dc9791069f5e2de77176ad51cada587e46dd7265f5caeb36d4eb5078479f6af6ee8559f97277356ad4dd28b9799cef5050de9bc2ec53244ae4275dc567267585f7e5e1bee605ed06b3830e94ea516f3968c339d698e4db6a8d4e1b8d2cd7cdc194abcab2c36cb614e2a597c9e3fe9c3dba71cbac57bf242e12f157b9b474a33784919142ca395269339f1f8b71368945ac367414629459acb5db4da8a48d942a2dbc223c6daad56a453836cc48b86e7ea8caad34e1846b6a4d4267563c914978c8dfc932a8a5148d6d4aebc896954dd15c95ca232f6cfdcb05328b23520a3cb4472ad15169195f6af13b9c511f891cb317c58e79c9154b949e1229e37a7c6456ac964c677093cb6455a7e22cc728c1aaea67c8e9d72c5f16e56a0f6edcf0568dca93fa8d2c2359f7ce0968d2ba735b6123aa4ec5ab733aae51dadf0625c52f9731332cf4eb8ac96e5246e2cb429656fe57b98e7ae555c6cadab5578c19969a0d4b86b31eecf44d3fa7eda4d6f705fb1b7a7636169859a6ff00631fe0998b84d37a4e69ac4783aed13a768d19275211ce3cccc9ea56f425b6104d7b18f5758b89cb651a12fbe0db0d72359875d0d0b5b7b7865e163d08aef5bb2b4838a79783576b61ac6a524a12a904fd99d268ff000eae2e24aadd4d4f9ecd1bcca62bcd2e36eb5eb8bbace36b06fec6458f4f6bbab496f8e232e7b9ebfa4f456956514e76b4b3ebb4e8285ad8d9a5e1d38430bc919e5b5a63a5e5ba0fc32a798ceedcf7673ca3bcd27a5ac34d82c5284bf63637ba9d0a6b11ab15fb9cdeabd50a836a33dcbd99cf96dae9d7ab8e96b4ad2d56258515e48d3ea9d41696f07b24f28e2351ea0b8baa8d42535fb9a8b99d7aa9ca536fee6396cae99846f757eb0ad3cc29659c96a5a85cdcb72a926914926b394b3ec62d76dbc3e51cf76de9e2c49b71cbcee30ebca4df3889955161f1c18b70bd489b3ab72b1aa76ee63c92dddc9ea221c726915ab5227a712c48969ae0d7156c48a3c12452c16c4be28de2bd4b148aca28a413e0bda2f29d42e9a2c94304fb596b8327a840e3c16639321c70472442d2a26d16cb0565dcb2456c5bab2688a4891fd44355e199f13d47548265f5264327914eac7dc365249f904b8239c4caa3920f941ae43f617da7c96b5b565944932e94772c364556a42de8caa4df088f156e5ed757ab4e8d07293c60f3cebbeada7428ca951a98688bae7aba14e13a3426f38f26791dfded5bdad29d493797e65a44792fd5756b9d4272dd55b4dfa9aea69c1e5e1927cabb4526172bb12cfa46a273ed8249b58fa881f0f944b4f6bfd2e413d1f6cae4a664fc8923197654a6cbd51b97c46daa3c91d38893f548b24d479c190ac6edf2edea123d3ee9c79b79e00c584a72ed27fc99d65a9ddda4d6c6f0bdcc3ab6b5e0ff00bb92206a7197ccd84bbed07ae6e2dabc1547c7dcf5af873d5f6baaea74a839adc7cceeae1bc470fd4dc74c6b75f46bea77309ca2d4bc991c4f5fa9bd05387f67acf9cfe5a3a5dd13e47f81bf1b695456f677b5fe5588e2523ea1d035cb3d56de35a8558494967865a4437112afb9653ef9cf055a96729f005e0a040543ec03ec05b53e92144d53e9214000000000000000000000000000000000000000000000000000000000000000000000000000000000000007ea407ea404f1fa515291fa51500cb72d17149011cda6b0fb987a8d1855a0e3259c9955aa2a6b2f1f7349a9eb96b6c9ee9c658f734c14b8f5e6fd6da0bdf52a538bc65f647995df8f69712596923d87aa3aaecea509c214d64f2ed4abd2baaf2938a49b3d1d59bcfdbaeb1ecf5c9d3c2dc6e696aeae28ed9bc1cade5b413cd23194ee69f6ce0e899fb7067aef5bcbaa94d566f3c1a2d66e536e31e782f77137fde26415a54a72c6d35f2959f8569aac1cd36e2cc1af41ed6d2c9d1bb78d48e1348ad3d22528b794533e58be3838fa76f2df9ce3d8c87427e499d0d4d25a9f0912db68d56a4d23836eaf26d3d34967693eed3335527189d65a74dcf66e6c927d3536618fe7e2f3271f15b3b9346ac92ecf074b3e99a823d3d34b6e0b7f04fd734ea3c3660dcb949f66760ba76a3935b5e0abe989bf229fcd978d70955c917d2ab2515c9dacba42aca5f4e4963d1b55473b31fb1335931ae369ce724491555ac451ded9f49b4b1251fe0cba3d294d3f997f04ff0038b78579bbb7af3ec8929e977355763d461d39694e3ced5f7239d95a5b3ef0c0fe70f0b5e7b69a0dccf869e0cea5d2adb4e4a5fc1d854bab5a3f428bfb1afbbd59eec52a127f62663234c75d6b68f4dd28633fea67c34fb5b78acc225be2df578a50a3522f3dda6cccb7e9cd5eff000f7ce29ff9193e5237c757503ad6b479f95112d520e78825fb1d668ff0eafebc978935259f389d8693f0dade8493ad4e9bff00d252e716fe2f2a8d5d4abe15b52ce7b60d8d9f4bebd7f1cce128a7dd9ed9a7f4ae976ad6284535ec6e295b5a5baf920960adce45b1d2f25e9ff86d3a9b657352a7ee8eef49e8dd3ac92518ee9a5cb7137d5af68d28e538a3537dd454e09c63dfd4caed6f8e96ce9d9db5ac528c62bed142b5f5bdbc799659c85debf52a6764d9a8bad42e6b27f3bc1965b9a4d4ec2fba929534d41c5fee735aa7525cd5ca8f6f634d285492cb991c9a8f0ce7cb735c7595ee6b5796e9d49231aa462de72e5f72569328d2457fa75acc64418e1ee49231ead36d37978332694960c7ad2c2c15cb3f49e35d5561b461d6e599f5d187523c994f67185557262dc2e0cfad1312bf664e3f55ac0a842d1933891b8f275e2ceada6bd49a28b76f289d47e535c632b548934624515864f0ec6f8c44abe2bd4bda2c6f92e4f82dc4a8d60b59736473640b67c914d17c991ce5c8114d1049f249567dc81cb256aeab7c9057c37dc965d8c7a9c3295286a22348be72cf05a80a60a245e5ad322911cd7029fbf72f49a92cf6f32b38f3ba2f82128a72a70727533848f3debdeaa8dad19d0a1259eddcdbf5debd0b0b59ec9adef8ee7856bda85c5fdd4e6e5c6498ad43a95ed7b9b9957aaf299833729fcd0edec5d27271dad96c20e11718be592859b9e71e64b46329cb6c5659b0d0f45b9beacb106ff63d3fa4fe1fee942ad6a59e7cd15ea38f37d3b40bdbd9ac53961fb1d8691f0eee2b6d94d492f647b368fd3161674d668c72bd8dc428518c5429d351c0b491e65a67c36a108c5d4dcfff0049d05b74269d4e293873ff0049d9c62e31e0a6d9b79c95eafc72afa234e6b184bf62ca9d0da74a38edff00a4ebfb2e4b653f422e471e6baafc3ab6a9bbc3dcf8ff0009c46bbf0e2e29e5d0526d7b1efaea3c96ca853a9994a088f238f93758d0351d39b75e949413c7634e9c9cf6b5c23eafd73a66cf50a32552945e4f1eeb4e82a941ceadad36a2b9e1132ab5c1d8ea35ec2ac2a5bd4945c5e7867d1ff023e3355b5b9a363795de3b37267cd1714676d51d2945e5776ca5add4ecae63568546a7ec6928fd64e90ea1b4d6f4e855a3352cc53e19d0c70e0b0fb1f0aff4ebf15ee6cebd1b1bcb97b5a51e59f6a74eea94351d329d7a5353de976648db154594f25eb3e60543ec03ec05b53e92144d53e9214000000000000000000000000000000000000000000000000000000000000000000000000000000000000007ea407ea404f1fa515291fa5150052454a480d5ebf19caca4a0dae0f28d6e9565565ba73ee7b3d6a6aa52717e670fd57a339294a112d8e5c1e53a85a55965b794cd15edace0f8ca3babb82a53f0ea4718e0c2bab4b7ae9631c9d38ece31cf0eb86946715c90ceab8bf997075f73a2c1af95a35973a1cd45bc64bff672e5a7ad553850ab0e7b967e0284a596ff008257635e8c9a7165d1d3ee6a731ca2d37abfc15b7d2a9ca598b7833e3a44d47e55266e7a53a62faee4b93b15d157b4e19dc6937f51fc1e6d4f46b89cf8837fb1b2b5d16ee2f8a2ff0083affece6a14e788ff00b1934f47d4a1e7fe82ed955ba5cc52b0d423c3a4f1f6278d8def9d297f07452b0d497fff000aab0d464bff00623fa62aff001ae7969f70e5f3c1a25a5a5e2599a66ede97a8c9f9ff0001e83a94d7d4d0fe98b6c74b593b7b4a51f9b0bee6256b8b0867f322b06fbfb29a854faa69a65f0e84af3e6693fdca659e299a9ccbd4ad20b319c596ff00c728b584a12fb9da52e804e3871899147a0ada0d3a94d63d8caed5a6979ecf56abff002e941ff25695e6a95938d2b6ca7e6b27aad0e8ed3a9c57e4a6675bf4ee9f47fe56dfd8a5dad3f8c78c54d375bbb963c2a8b3e889edfa1b50ba79acea26fd8f6da5616349a6a0bf832630b7876d8bf6452ed4cd31e41a77c338ca49d59cbbfa1d269ff0e6c68494a4dcbee8eea556853e7744c6b8d4e943b7247f4abcd5c6becfa5ec6824a34a0f1ec6d28d950a094634e2b1ec60cb5673e2116991cabdcd5e63268cb2d97ad261246de7e0d349e16486adf4211ec8d66dba947329149506e3f33657ceade29ae3559358860d6dd6a3732cede092a518f918b5294b9f432cb3a998c605c55ab5beb9c91afaf0c2e5e4d9d54979181729c9e0e6cb3ad630f1b7b244734e4bd199128e08e68a5ced5f8c5795c364734993544478e4a7ba958b6c7b947b5959a219c9a2f8c4714a8d2ec415164be59ee593ec5b8962d6584624d799975fb1893ecca7c3ac5b868c1b8ec665730eb96c3eab5893c96c57392e996c4ebc58e49124d93c71b4c68be4994b837c6b3b15e0be3ea451e4b9bc1b635112e4aa9231fc4e4bbc444f564b2911ca48b2751608dcc2174e58226f25253c966ee48149ae48de1174a4452914ab749c9246355922fa92209c88a751bfa8b98c7996b7f3107556f0553cf08a496517421b71209eac796dc5f06b3a8354a3a7d9c9ca7ce3c8d9de54a74a94aa49a5c1e39f1375f539ca8d293fd991c3ae57acb5aa97fa8d48aa8dc3c964e5aa29ace0967394b35649e5b2a94e6e2a31ce5928b58d07393518a793b0e90e97ada9dc4252a7f2fba361d13d275750bba6e745b4f1e47bd74c74d5a6996b1fcb8a925e811d683a53a36d6ca9c1ca947763d0ec69d08db41469c171e848e2f2d4560b5ca71786516e292949bf98718c897259bb0c8e0b9ca5e451ca45379493c91c4f4949bf3227349f25cf2475224589ea484a322af39efc10c11227cf26742ae5c70a4cc6af429d6a72a7520a49ac726536b044fb89515e53f113a168d4a73bab68252c7648f1abeb29d8dcba7523f327e67d6f714e1560e9ce2a49af33c93e27749c1eebaa34fdf846932a8e3cb348d4ae34ebfa75e9cb0e2d3e0fb77fa65f88eefad68585dd6cb9249659f0add46546a4e9ce2d35c1ddfc28eaab8d035db571acd4772f3f734950fd49b7a8a71528b4d3254f270df09fa9296b9d396f5554529b8f3cfb1db278cfa161207d8a2655f602da9f490a26a9f490a000000000000000000000000000000000000000000000000000000000000000000000000000000000000003f5203f520275d91528bb22a00359000b5ac320bba34eb47124643ef82d7103cbfadf4954a73a904d26db380ba9ce8378933d93ade83ab6ef0bc8f19d72955a75a5e8996bde1d63c753ad09630daf736961a9d39c92ab15c9cfc2797ce0caa6d2c4bd0c72caa391d05edbd1ac94e10583169ec8f1b23c3f425d32b78f1d9ec56a5354a72f3444cea7c63a4e93d6e8da54516a299e816fab5a56846539456564f0f84a50b8deb383711bfaea1151a8d71ea5ff00a52631ec34ee6c1f67179248d4b29768c0f21a1a85ea59551f1ee66dbead7cbbcdff00247f4a8b847a962cdffcb897c6168fb5381e6f4759bbcf3332a96b176fb4c7f4a8f08eff00c3b54ffbb8872b55fa51c3c754bc9633327a7797535ccc7f4a9f191d966d52ce2251dcd08ac268e5615eb3e1cd93c5ce4b99322ecaac91d17e368631b8867a85183fa8d0c94bd597469b7cbcb23c9a7236d5b568a598b31a5acd49709230bc38b7868b9528c7b608b69e9254d46e25d9103ad713796e44aa2d76c17c54b1dd113222270a93c6e7245f0b659cb6dfdc9a39f544b1489f24f54a54e0b8f0e3fc13c525da2916ac60ba256d079f52c9ae30498e4a4d0e8c1a91e5ac1054a7c3e59b09c3831aa47b94cbe11a9ab059ec615c430f846daac39660dcc0c2b48d65683207158e4ccae9a3126df994e3463558f242f8326641342c11c8c7aab92693e48aaf72d04337c11cdf05f53b10cdf04886bbe0c3aaf08c9aef830eabe0a518d59e51855e5dccbaafe5306b3e596c15a826de4a444fb945d8ebc58e4b9705e9e51164aa6692a952a960a4e5e647b8b67334c6ab17f0c321532aea16ea57b963b96b92239544d164a489e89253488f7ac8ca71642e4931d17ce64329bc9494c8dbf32165d3910be4b9b29d88a2ab3829b39c972922edc8816ed5e652398e729ed2ad648b50aeedace539349240731d73ab2b7b69460f1c1e0dabdd56bcbcab524f387c1db75eeb4eb5794233e338385ab34aba497d4061b9ee9aa78f23b1e8be9da9a957a5f236b2bb2359a1692efaf2318c32dbc1f48fc37e94a1a5d842b5c52c36b2b82b6a2b61d25d3d6da3e9d0ad382734bcd19f39f8951ca3c47d8c9bda8e59a51e2998d4e2a0b1e44750b6595d88a597dc9e6d2463ce4b2173182c655b2dc9152a378299fb1591637c90139608a6f25d5191c99148ba1c3ee5e45165f933a955f04729e19749f04327c908abd3cbcaee63eb5671bbb274e504f24d4f3dc559cd7d8bc1f3e7c43d07f077156a6cc2727e47156f53f0f59568b7989f447c42d121a8e9f2a904b29659f3f6ab6f2b3bd9d171ecf06b157d89fd26f5c46a2a3a7d69ac28af3e4fad6d671ad414e3d9f27e64fc09ea1ada6753d26a7b63948fd1ce85bf57fa0da56dd972a49971d02582be4079009fd2c809e7f4b20000000000000000000000000000000000000000000000000000000000000000000000000000000000000003f5203f520275d91528bb22a000001e0b5959672120351d4145ceda7849fca7906af4735aa29c13cbc728f6dd420e76f35e583c9ba82df6dccf771f313f60e1b53d2dc96ea2dc7ec60539d6b6f96a472bd59d7548c72d2e5181756d46ae54e3c14b88d65a5ea84935271fb1bab3bca15a386f9f73475b4d69b749e0c68d0bda55372935833b1674b751dbf342299653a99c2eccd246eefdbdadf06d6c139454a7dca51b5b76da5c99944c2b4fa8ce8f7e0a5a32211cb5c1974a18c6086de39c19d4e1db81289a8c338e0cca70c2ec47423c7632e1127a8560bb13c7b16c5708be247436bf32f4bdcb5b65149e7b0952b970f924738bf2446f94211cae49b5093bf60bb958ac14f32b2957a24867d48e3dd13457b1642f8e4963e44691247c80b99632f65ac0b65f498d523dcca7d88a71e3b0a96bab44c2af17836b5a3c183711e0cec5e3555a3c3302a45ee36d5a3c3302a439ec6762fd60d54d18d3ce4ccae8c6a8b1dc8913d6356e304151b326b7b18b50b08aa73131eab664cbe9316b9153114dfcacc2acf932a4fe5661567c84b1eb3e198159f2cccacfb98359f2c9c19d46d96c5f3c94658d9d78b2abdcb9292910ca5c96ca46884ae6fd4b5cfdc865228e6b1dc4f68a9b77b9472319cf9ee55cfdcd26284b2916ee445bfdcb253f72f31191bd244739231f7b0e7eacad82f9c8b5488a72cf665a9b2a254fe6127c91c1fcc4ad6e605bb9958c9ee1b492825b9a605fb9633838df88facab5b395352c3713abbea9e0dace5e87877c4cd6e57178e8a7951e09898e3aeae657156739b6fe6f32b6947c7a8b0f2fc8c18d4cbdb8eececba0f47fc7ea34e318b6b288a97a4fc19e929dc56856ab49612ce5a3d9f52928421429f0a92c3c189d25a7c746d220d45465b4ad69b95493efbfb99d4c63ce7bde7c991b2f70d8da2c640a4fe931a5f523226d60c797d48b2465a5ccb25d8814932d6ca4996b6568a4c8df25d2f62897a99d22b0e3b97648e4f0f82b9f71c4ae93e0c79e7712b79239ae3b11c175396382ea8d34411ceeec4927c60bc8317504aa5b4e925dd1e07f12f4a95adeceaa8e32f27d07512dcb2bc8f31f8bb651ab425522bb45f28d615e55d3576ecafe8d4dee2f7c72d3f73f45bfa75d729ea7d3b4e11aae4e104bbf63f35d49d3bb8a7e4d1f6b7f473adaab633a0e5f36e492cfb22ea3eb38f11592be4591fa62dfa17bec05b53e96424d53e9214000000000000000000000000000000000000000000000000000000000000000000000000000000000000007ea407ea404f1fa515291fa51500000000023a8b74251679bf5bda3a75dcb07a57ea392ebbb7df6f29c52ec4ca3cc13c4a44136b0f24f529ca33964c69b4d34cb5e7058f0d3c189565896192d5938e70cc6ef9727c98d894908465dccdb7861706053cf91b1b57f2a32c8665b27b91b2a70e0c3b54b299b2a2b3c233a9645b47846c29c784635bc3b19f4a3c22a26b758275f51153e1934565e40963e45f1f22c8a248c59615c068bca3105982b1ec55f051c967028bd04b909956c888aba0f0d13c598f1e592c1e196427897c48e2d1245815650bb6b6530c70116d42e45951936518d5f9460d646755ec62576b1c14e2f2b5d708c1acb93617061565c95b13d6beb2e4c5ae6657ee62555929c4cac6a91e0c5abdccca98c60c5ab07dc95fac69f631aa993538462d479c95a98c6acf08c3aaf8326e2497061d57c04b1eae3061d54b2cc9aadf2624f3b8b6119d473e085b26a8f262d496d67562cead9c926473a8911d59e5904e4cbf554d2aa88e751104a45b29703a8a99540ea18dbb051cf25e6686439e4b652642a45aea32de62752782c936c8f7b2aa6ca79512265e9f042a45ca689e8bd70c914f0889bcf6116b24a5329365f4f396c8e0d174a6a29bce30b20687ae3558d8e9935b92783e7bd7ef3f177929eeef26cf40f8b3abee9ca8c24cf2994e3379e724c2332d683ad562a3cbc9f417c10e9a5f25cd58e31c9e2bd1964eeb51a708c73f323eb5e83d3558e874d38a8cdc72454b6fa9cb6b5463f4a46b977665d7926fe6796cc59a6b2ccaa51cd2229a45db9bc914e40ea3991cbb97c9e48e4f92c951b2c93e0ab2c976204737c96897728995a2a51b2b92c6561146c44a3ee55704f1245e189328ca0f105f5149bc4867122ca9df25e417eecb795e4729d7b6b0afa4546a3ced6750e4d2c7b1acd7a9aaba64e2d79130af9875683a5a8d48f9ac1f49ff47ba9ce9eb34e8e7bd65ff83e7beb1a2e8eb95b0b83d8ff00a4ab897f6b6de0b2b37315fec5d47e88d26dd2837e6912bec476fcd0a6bfcabfd8bfd40a54fa4851354fa590800000000000000000000000000000000000000000000000000000000000000000000000000000000000001fa901fa9013c7e9454a47e9454000000000a7ea6fd8d5751dbaafa7cf8cbc1b6641714d54a4e0fb01e23ac45d1b9941ac1aa9f9b3aeeb7b2f06f65251e0e46b24b2f3c01895a5c98edb2fab34f2c8f38c15c8645bf267db279e0c0a06cecf9314c67da27946d2d972615ac3b1b3b782ee52a59941199439e0c6a51c2c997422f254644618278448e3927a605d18926de0a22fcf058580a3e0af9102d91635f3174d88a4d65901d9154f25188f0115245e0bd3e489bf98bd3084e9f05f0910a7945f0260c88cb82e228b2f4cd20bd630455705f922a8fdc9a31eabca316b2e0caabc2316a728cd31855d1835e2f26c2b98757be0a55981563c9875572cd8578a661568a454624d7263d65c1933ee415970c2f1815970624fcccdacb28c5ab1c22b578c0b8462545f2997719ce0c4aadf6212c4a86254fabf732eb7998737c97c7ea95154ee615779960ccabd8c1ac9e726f19d63d45cf721a8f0c96a231ea772e85939114a4cba65ad704556ad726532cab5c86cb4544f05b29725252782c6f2cb22a54cb93228f62f405f9192c4f92b9e4894891365f49bdffb16265f0693c979574b031f58acadece751bc7ca4d09fcd8f2395f88da9cadb48a9b5ace1a2478df5bdefe2f55a9f36564e61c315161f993ea55a756e2551beec8ed939d4879f207abfc20d3556bea751c738699f4d53fc9b1a51edf22ff63c4fe08e9f1f96a34f383da6f67ba9c17a2c14b568c6a935251c77c10546dac136dc25c7911673933bf4b10e30886a77279be482a7a9788e23f5239f724c91cbb9295ac8e6f08be4c8a6f280b1f253b06ca648a2a5acb914923311bee525945cf8916d565e08d4b9e491321f324816173ee5b3ec5f823a8f080b1bf9bf63175159b1923225c7cde6437b8fc2b5ec20f9dbe20c5435badc1e9ffd25c97f6c2dbffaa8ff00e0f33f891ffe7758f4afe92bff00d616dffd544ba2bf466dbfb8a7ff0042ff006246476dfdc43fe88ffb1230827f4b20279fd2c8000000000000000000000000000000000000000000000000000000000000000000000000000000000000000fd480fd4809e3f4a2a523f4a2a0000000001f62c7dcbdf62c7dc0e33afac954a329a5c9e537b1715283f23dd7a8ed7f11672c2cbc1e27d474256d77383cae40d0cb2931179c11d696d9e1f992d15c14ca8cdb689b4b28f635d6b136d651ec636a6367691ec6d6de1c1adb55ca36d6b8cf256a599461f2a32e8c08e9631c227a4f04704ca0491582d8324e303818e064ae7829e648b6455762ec2239816cc45f05be6191c156c459681c42f6f9244c853e4b93791c389d324832283244c990e258b2f4c8532b9f72d29c48e44552455b2c93172388e6f2432249b31e6dfa9510d746255465cd9055c15b16eb02a72cc5ad4f8667d44b3d8c5addcaf06ba54f9c90568f06c2b258312ac781c5a56b6b478312bae0d955870625c438ec56c5e64d4d78f262558f26c6bc7d8c4a8963b11c3ad657461cd726c6bc51895a297634c6297262555f29835919f57b18d5239f2358a75815118f51726755a7ec413863c8b8c2922c664548fb11b87b0e755a825e658d93ca3c3e089c4b48aa2932ccf24db7d8a38af41d42d8b2f4cb52c32ac751d5f112ee5b112289917a917c5e48167d4b9369a348b326185093f63ca3e2ddfc9c65462f8c1ea574fc2b39cf3e4783fc47be75f529433c6305ba971555e6387dccad1a939df5286387230eac5a9673936bd31f3eab43fea228fa6be0f5a2a743b7e83be9b6e6d3f2394f85f4f669b4e78c661c9d454966a3c7065955e41bcc483d4916792ca9c762b2a6a29f721abd8be6de7b90cdb349508b3c96cd97c88e64f50b24c866c91964bb0e88db291ec5d843088a2e4525d8146f8ec4788b27dc866f2c9652f6219acf62d20479258223a6b92e8b7924492ee4357b19315959662d7789600b1f31317539edb77f6329f116fd8d6eb755434b9cdf92120f01f8893ddae563d47fa4b863abad9fff00ca8ffe0f21eb2abe36b55659e1e0f6cfe926d652ea5a1512ed7117fec5ba8afd09b6fee29ffd0bfd8bd9650fee29ff00d2bfd8bfc89413fa5901354fa590800000000000000000000000000000000000000000000000000000000000000000000000000000000000001fa901fa9013c7e9454a47e94540000000003ec592f32f7d8b1f2c08eac37adafb34794fc4ad3bc2bb9548c78cf2cf5b6bb2392ebdd3bc7b1ab34b3c303c2ae23baa67c89a8792179074ab3a7258f99925b47335833c86c2ce3c7636b671e7b1856b4df06d6d21831a98cdb646c6dbb9856e8cfa0b0c84b3a948c9a6cc18c89e9480cfa6c933c7730d4a4df04b0dec0c84cb96305b18f08bd470008a68964f04726045e6189b2d4c0a829928d817155dcb325c981341fb92268822c9224c12a7ee573ee4698c81237ee5926bd4b5b2d6c816d46bd4c79bc92546478022990d4f7279f04159f04518f50c6abcb3266fe52068aa18d557063d58999511054883ac1a90312e21c76361563c18d5e1c0e2d2b535a9e51855e9f06cee20cc5a94f311c3ad456a59312bd23713a7dcc3af4fb96886aaad3e0c695359367520b062ce1cf05c60ce9fb10d4a597d8cf9d3645380e8d6d4a3ec433a7ec6ca74db219d264e3516359283f422944d8d4a4f9e0c795365fc91c624a382c691932a7ea47b50ef4e31a517bbb14919338a7d885c790a58b621a2b8612792b12258ee5d049b2d91753f95e59a44b0fa8ebf81a6d479fd2cf9d7aa2eddd6a3524bd783dbfe215eaa560e29fe897fb1f3f559caa5cca6c94a29bdb8c9bae918a7a9d07fe7349597cf9375d20dad4a8bff0038a98fac3e1fad9a250f781d0453dcd9cdfc3f939e8d43fe93a44f1931c9788dc8b2a3e0abed9f72c9be0ce52a19114896642fb9a4a85b2ec4732f991cbb974236592ec5f26452e4002981d80a96ca582b92da9d898229cd61948725ae3c97478245cbbb2914f71549e78248465900db4b062cb9a9c99b2836b3829f856e3b9ae40c3961b6b3e4739d6b5d50d1aaadc93dace9ea5171cbc1e77f146f552b2a90cf2e2d123c5b57a8eb6a32c72de0faabfa33d1fc4b9570e0da8d54f38edc23e4f8b954bf8b4bbb48fbbbfa3dd2676ba2cea4a2d3934ffd1128afa5e1954945792449e4523da3f62abcc942953e92144d53e9214000000000000000000000000000000000000000000000000000000000000000000000000000000000000007ea407ea404f1fa515291fa5150000000000cb5a79c97002d4de7931b53a31b8b3a94e4bba32b812516b0fcc51f3f75bd83b5d45e23c67c8c0b2a4de258e19e9bf1074275e5e2d3864e2a8594a8cd4651c232a2b6d4dac1b0b7c2e1a2da54941ee4b2644165f08cb2f498c9a2bdd1976f9cf262d2a4f8667508f257a964461932295265b462bcccba6960914a70c1954d24bb11456599115c00582b9580518164d913c92cbb914808e4cb51493e447b01528d150fb016e792f446fb972604d0ee489e0814b05f1964091b192cc8c8e8bdb2c932be45ac0b24b25b9491732c976022ab25e46355c934c8a68a88269e3046d609a488e488420990d4ec64497245563c038c596190568f0644a24555705a0d7d686576312ac70b8363517cacc5aa96094b57522db312bc1e4d94e1cb316b53ee4f06baa4160c69d3c3c99f3810ca048c09c4826be6ec67d4a6432a688e0c4712c9c1232a54f922ab4df04c830ea535820952f633e54de3b16ba7ec5b8359568fcbd8c69d0793713871d8c7ab4fd11306ae74da440d726c6b536d76315d27b89ea38c579c946da327c2e5915487256211c56e1359585dcba2b088ee67e1d294fd8d07997c55bd74a3b32fb34791d34df7ee773f142f255aee514fb3387a0f1dd168295b8365d2f5365fd2cff88d75c3e7b197a35550b9a6fb7cc4d9e931f57fc33af196954e19e540ea272c37ee703f09ae6356d62b77e93bea9830ca2f11e731c164f3824e3c8b25e667c2a19114bbe496645208592647345f222948d254229bc11a92c97cd9628e4bdf8244b28ab8125383da1c70f929da216b047325ad8c704518b916823c0c72492834522b2cb096da9e5f266c682c11508e3932d7d2423a8e9d24a5cf624a9049718c16bed9c9493cc7b96e1d61de28aa72c1e1bf182eb6d4704f27b16bf790b3b3a939c92e19f3a75eea9ff10d525052cadc4f11d6bfa3ac65a86b34694619f9e2f9fb9fa45f013478e9fd3341a86d73a69f63e1afe9fba7eaea5d4f0f95b8292e71ee7e8d74669f0d3f43b5a2bca9a1c1bbf2c155f48e0af9122da9f490a26a9f490a000000000000000000000000000000000000000000000000000000000000000000000000000000000000003f5203f520278fd28a948fd28a800000000000014c7bb2da916d7192f0de1018d756f0b8a0e3359e0e2f5ed11c6329d38b3b9c34f3e447716f0af1daf18c15b07932a72a398cd13508ac65fec757aee879cba51399ab6b56da4d5458c332ca262fa0db78c706750898142a24f832e157d0af12cfa794cc98ae3b9adb7ab53c4ed93634dee4b7705689a2b6b268be08e314bb3c97b7802e4f2ca36222405926452e4925dc8fcc08a68b53c124d1638e79019651b633829dc015288a8152e816c7b97ae00b9b192c6c6409372c60a3688f720e4b0055b2c93e0b5c8b73920592e5964d60bdf72ca8408a4453259114c911bee475bb124bb9154ec38316a49905493689eb2e0c799231aab7d8c5ad932a6f0cc6acc0c566356664cbccc5ac48826b28c792c1958e086aa0316a7d8824b2ccb947246e0063e3d8a4e09a3276164a25a0c494511d458ec8ca9479229c72cb0c59272f223953cf9198e1c7058e0cada35f5a971d8c474be6ec6de70f5209d34bc8746ae74f9663558619b69535cb316ad24de098ab5ee9394731359adcbc3b29eee0def85283692e0e6babeb28594a2f879341e25d5c95c5f54cbecce6545c26d34759aad1756eaa497a9a4ad6add46cb41aeaf04e3921b796ca917e8ccebba7b606bf0d61fb96bf07befc1ad530a309496707b4ca2e718ca3e714cf983e176a4a85f538b979a3e99d26e3c7b4a725cfc8bfd8c32691741738f3c64a35df24b1c279f3c11cb9c9952b1ea3227c924d632468211d5e3b18ecca92ce4c7a8b0691085acc89a9534471ee65d25845c562b0bb1654ec4b26b063d4964704325965f4e0915a71cb2b565b0738ad5b57b11535cf2592ab965d0965f04a3acda6d61191171dbcb3093db1cb13ae947b9094f56692ee6254ba51a8a39e08ea5c662cd36ab7f4ede8caa49f62f072bf15f5a8d0b6953a735ce51e152f12eb516a29bcb3aff885ababcba9c54f3f332cf861a156d67a82953853dd17349923e9dfe92ba226a851beab4f1bd7768fadada0a8d1852f38c7070df077418691d3367054d41a5cf1ec77d94f0d202a964af642255f602da9f490a26a9f490a000000000000000000000000000000000000000000000000000000000000000000000000000000000000003f5203f520278fd28a948fd28a80000000000000000018051b02da90525d8d2eaba3c6e5e545237716dbe516cd36f8299c1c16aba355b7e69a785e86a9aab4bea4d1e9f56de156389a4cd5dfe8b46ac1ed48cf838aa175b65df936146fe9f0a4d175ef4f5552fcb4fb9abbad2aee84b884dfec45c46fa170a49384960c9a33dfe68e3ea5e54b57b2a2947ee4f6bacc176a9fea3c475ff2af328f1ea68296ad1935f319b4afe9cbb4915e0d8545f290be116abb84a3f5212ad0947892c91c4c24cb5b5828e4bd4b24c85baa4b965026b23cc22aa9f25253e43f4f32369e4913c249976e31d708aee604fb91493f42152792fcf005de45ae4bb16b93ec5be7dc0b9b2d6f051bf72c93e3802e6cb24cb1c8b5cb3e6026c8a6c4991cd902c9cb9ee455242a36882a4b1dd8f629524b04151e7b1594b77990d46d1682d9a5830eaae49aacda31a5379021a92c3c60c6b87ec4f566b26357921c117382c965b2fdeb05b9cb1c10cbb963259ae4b76e7c8705982928f05f8451be0990412810ca0f26449e4b1e7d0b08dc1ed2c7164efb16487063ce0d91ca97b194daf52c728faa1c187529ed5d8c6749ca5d8d8ce519704129c21e9922455872a18cb6ce27aca8c2709a6de3277571556c785c9cb6ad6b52ea528aa527fb1a41e2fa9538d3b89a49f734d77049378c1e95af74d5dcb74e95b4e4fda2713a9e97776e9fe228ce9ffd4b05873b71477526d9a49c5a9ca3e593a9af452a5839dd468ca955cfa93067f4bdf4ad2fa136da4a48fa77e19eb71bed3e2b765e3d4f92e9ce70a8b07acfc27ea576b5e146534b9f3653283e8e6d2ef14435bb7cbc11d8ddc2eec6138b4dbf42b55edee65c4c412cf9b2d8f2c4de595863ccad89473e3241364f59a593126fe62d05d4b1bb183276b5cf9115bc56725f5a78e32691156d49a4591f9fb167d4cc8a30dabb16950ad3a6e3c98f78b8783364de318312f17ca586be2b2c9a8c5a7c96535f376322384f920595ea349e39309dce64d48c8ba7c3dacd4d596d936f920655c5c52a74db72c1e65f10ba8e9d184a952a9fc3377d63aed1b4b39c6335bf1ea7886b3a954bebb9ca5278c96829715277971f22df29e19f567f4a7d0152a5485fdcd2c62519728f07f83fd1d71afeb54f6d394a2daf2f73f457e1574ad0e9fe9fa54dc16f945797b123aeb0b58dadb469c3b2ec8ca4b8c3299492457f577e300543ec03ec05b53e92144d53e9214000000000000000000000000000000000000000000000000000000000000000000000000000000000000007ea407ea404f1fa515291fa51500000000000000000000005195298003098c154b047047b16eed931ebdbc64e53715848ca9f1ca31354aca958d59e71f237fc22383e7efea03aa5e8137f8794632d99c1e31a7fc5bad49a75aac70dfa193fd476aef50ea29524f743c3c73f73c0f58946941a71fb60788fa8745f8bd615a718cee629f9f075da5fc44d36b4be5bc873e583e1286a5754a6dd2ab28a4fd4dfe89aeea6be6fc4cf1f729711f78d9757da555855e1fc9b5a1af51a915f9b1fd99f0f597586a96ad3fc45478f73a0b0f8a97d6d8529d5963dc8b88fb363aac2496da8bf932296a0dc7eb5fb9f28e93f18a5c2a8ea1d5697f182d6588ce4f39f3657c47d130bd7eb1fe093f169b52c9e35a5fc51d3ae1c20a71cc9a4b93d1343ad5351b077343e74de3822c4ba28dd466dbc9742ba6bb9a5d9754f2a54a79fb114abd783e69cd7ec57837ceb65f72f8cd3f33470ba96de54b2555ecb38c48706f938e3b95dcbd4d13bd947bb64b4ef9359cb1c1b672f728d9aafc7c33f5a2e5a853ff1a1c19edbf52d72c2309ded3ff12fe4b7f1b49f0e44f28cc8c9322a8f12e0c6fc5d25fad11caea9be77a1e3465eef720aadeeee62ceee19fef23fc90d4bd8afd44cc68c9af2918b52a37e463d5d420de14882b5f2c7727c465b6f1921a927ea60d4bfcf1c914aea6fb2639465d693dbdcc49c9e3b98f5abd76f0a12645bee31fdd4dfec47289dc979b22ab28f2591a3753cb5467fc07637d3e15bd4fe0b7058e715e85b2ac92f226a7a2df4ff00e455fe0cba1d337d55e254a697ba1c1ab9554fd0b25358f3fd99d251e8dbb9fe968cca3d07775397351f627c4714ea473da5fc964a6fc9b3d26d7e1d5492f9aaa33e97c398470e4e0c788f25f1269f116ff62f8baf3788c7ff00b4f64a3d036d16b7420cd85b74558527f35bd164f28f0efc2decfe8873ff00492434ad4ea76a7ffda7bed3e99d360b8b6a7fc1914f43d3e1dade9ff04c83e7fa7d37aad67fddbfe0c98f45eab35954dff07bfc34cb38fd34a31fb22685b518ac2822783c1acfa0f52935ba0ff83611f86f755166503db152a6bb44b924bb11c43c6adfe19294bf3212fe4db5a7c31d3e0d39d3973ee7a83e7cda0b87ddbfb96e0f3fa5f0cf41717be8bce3d4f2ff008c7f08ad2ae9956be9f45fcb167d1efbe72cc7bbb5a7776f3a15129465ea48fcc1ea7d16b6977d3b7ad071db2c76397d52d54a12aad676f63ecbf8f9f0ba15555beb5a11cf7e11f2bebda556b3af3b7ad4da49e3b01e795739caee6768d7b52c2e235b7798d4ed5d2aada5b639f330a5cac3c93c1f4bfc2ceaca377650a552a2ddb7d4f46ca92551f29ae0f903a475baba55dc1a9c9451f46f44f54d1d56c69a759652ecd94ca25d54f9932c649bd4df1c2c772297a2e71e86560a54c3898b38e1b279b71ee63d56d910563576a2c954dd2e485e53e44de239499719b49c52ee4b4e7cf73531ab34fcf05ff8ac2ecd3110dbce692e198d712cc7b982ae9f9b22af769c5a8b2f28c852517dc4eb431dd9ad575eac4ee5e3b2489e89ead68f29799cc753eb1434ea33dd34a4d7a96752f51dbe9d426dbcc97f84f18eaeea0afa9dd4b151ecf4c91c16754eb952faea4a13f95bc18dd39a2d6d6353a76b462e4e4fc9187a5e9d56fae610a7172727c23eb4fe9bfe146f951d46f2d57934da2d077ffd37fc368e916742e2e68625b13cb47d1b6f0d94d4124a31ec62e93a7d2b2b4a7469c5476c52e0cc8ac70db24520f3224c725a961e4b96720543ec03ec05b53e92144d53e9214000000000000000000000000000000000000000000000000000000000000000000000000000000000000007ea407ea404f1fa515291fa51500000000000000000000000000000292ec739d7974ad341af3ce1f873ff0063a46705f18aa38f4f54daff004497fa01f137c41ab2bdd56bd79cb386d23c8faaab3553623d3ba9aa2fc6d78b6f19679675538cae1e00d1c5b7c7ab3a4d2283fc3a7839fb58b9d449af33b9d26d5ab38e17901afac9c572613527278373796cda6de560d43cc66d7a11445ba7097d4d1246e2b292db525fc962cca5ca2d9b6a715144706df43bfbaa5a85b47c59f35179fb9f7b7f4ef3573d37494d6e7e79fd8f8074084aaeb569049bfcc5fee8fd0cfe9f6c5d0e9a836b0d2cff00b098f47a6cf4ea1524dce9c7f8316be856b557646d93cc567ccbb6af41e3073957a5ed24bbbfd8c79748da37c4a5fea758925d901e307195fa42df1f2ca6ff0076633e92825c39ff00a9de638ee12f71e30702fa4a58e13239749d4f24ff0093d0b1eec60788f3afecadc7a32dfecadc65f0cf46c84b91e23cd1f4adceeecca56e95ba70f9533d31a414521c1e453e92d41cbb48a7f642ee5de353fd4f5edb1f41b50e0f25a7d115a5cb53fe593d3e85cf7753fd4f534bdd951c1e694fa028b7f339afe4ceb7e83b38af9a52ff0053bd03838b8744582f391934fa374d8ae72757818f763839fb7e9ab082c282e3d51954f44b483e29c3f8369d9f6451771c182b4db68bfeea1fc1346d2de0b8a51fe0cada8ae1090410a14576a515fb17f874d7682fe09301161628af28a29897a120c011a4f25e55f62dc80650aae4aed40512c95c154b000a6060a80298182a1816345b8e7048f929858035fae69b4350b295bd5a7196ef547cc9f1c7e1547152f2d28f2b2f091f55c9a6b1966bf58d3685f5aca9d5a6a49ac7280fcbdeabd06b5272a75694a128bf34715774a54a7e1b8e0fbc7e33fc2357546a5cd8d14b8727847ca5d71d157da75c4d54a4e2979b4079a3692d8f8c73937dd2bd4175a5dcc1c6b4b627ea69ef284a8d5719c7db263630fbe11160fa73a27ad6db50b7852ad38efedcb3b5a3710947f29c659f73e41d2353bab2af1a94ab3497b9e9fd1df10d539469dcd493f7c94b07b656ce7921abf43c1a5d2faa74fd42314abc136bd7936aeb519c7746ac5a2bc16ace3922a8e6b24998c9655544729638738e08b044a7259e0c7ad36e44d52505fad18b56ad382cb9a64768a3a92458ea3cfcc8c3bad52d68af9aa44e635feaeb6b78bf0db6d7b969d1d4de5d5bd04e529c563dce3fa9faca8dbd3953a334da5e4709af7575c5c4a4a3bf0fb619caceeaad6ab29d5727934906c75ad6ae751ab51cea351c7a987a658d5bdbb851a309ce52f44cccd0341bed62e234a8529626f19c1f54fc0ef822d3a17777462df0fe68961a4fe9f3e0fd4beaf42eaf68b5ca7caf23ecfe9ad0edf45d3a95ad2a718ed496522de99e9fb4d12d69d2a14a0a518e3291bb5cac3e40ac7b87dc2ee1f702e08ae060007d807d80b6a7d24289aa7d242800000000000000000000000000000000000000000000000000000000000000000000000000000000000000fd480fd4809e3f4a2a523f4a2a00000000000000000000000000000525e5f7384f8b949d4e9cabff00448ef0e7bad6c5df68f5e928e7e47c7ec4747e7ef535351beb852efb99e57d510db732fb9ef1f13f469695aed78d5a7852cb5c1e31d656cdc9d4a711d1cc58e55c47ee7a4e951c5841e3c8f36b7dcaac7c9a67a1687294ec63996708745fa8471464d1cd28395491d25f4f14a516ce79bd936d8e882492ca224dc6a6ec704b5d293dcb28b2538544a2b2b1dc91d27c38b39df751dab84738a8bfdd1fa31f0a6ca569d394a2d61b823e31fe9a7a6257faec2b782e508d48bec7df3a4db42d6c695384545282e10a32e2b8592e29ddac32a47280007280007b0000e50000000120000000000000000181800000000000000014c1500120000000000000c0028160a802d782c937d9be0970bd0a34bd00c5bab6a17149d3a94f726b1ca3cb3e257c2cb0d6e84e74a8a536bc91eb9e651e1f12407e797c50f83fa869d5aaba36cf6c5b79c1e25ac68f73652942ad26b6bc1fabdd41d37a76a74651b8a0a7b8f0df891f026cf51a356ad95bd283797f493d1f00457cb949e7d0be9cab45e53d87b575b7c13d6b49a95254e31c259495367976abd37a9d8392b8a33697f94ad820d3f56bab39ef856937f73a6d37af6fe96d8c9c9a5ea718edeb4167c19245a94f3cc7088e0f55b3f88f521c4f6ff2664be22ee8e56ccfdcf1b9c70f8657e671c2cbfb0e0f58bbf886dc71170cfdcd1ea7d7b7338b49f3ecce07f0f51bcf3fbb12a159c9476f3f627906e2f3a96f6e1b6ea4927ee6aae6eab577ba7566cc9b2d2aeeebe4850a927ec8eefa43e14eb9ac4e0a3426a12c778b1c1e710a356e1a8d35293fb1e81d09f0c755ea1a94f142a28b7cfcacfa2fe197f4e9520a956bc851924d39294393e8de8ee83d2341b78c295bd2525e6a24cf43c8be0b7c14b3d1e951af756fbaa28aca923e82d3b4db7b1a708d0a508a8ac60cba74a9d2e29f1c7624497a016a6f3f325fb176dc97617a0029141ae4a80000001f601f602da9f490a26a9f490a000000000000000000000000000000000000000000000000000000000000000000000000000000000000003f5203f520278fd28a948fd28a80000000000000000000000000000149797dc8ae22a517171ca689994688a3c17e387c3fff008ab9ddd0a2dcb663847ca1d7fd1da8d8a9c7c0a8b0fce27e905cdad2b8838d48a68e43a97e1ee8dab41f896d16dfb103f2e6eb4fb9b7ab2f129ca387e68e9ba79d6fc3a8e1e0fb4fa8ff00a7fd22f25ba9da2e5e7b9169bf0034eb7b797ff0a934b8e40f8fefa949af3345750942bb4a3947d31f10be0edfd9549cad28e63ed13c8b54f87fae2b89256b531ed0648f3eabbdac25c336dd2dd3b73aa5df854e0e5bbd11d868bf0bb5fbdbaa74d509a8b6b398b3e96f837f0829698e8d7bea29cd34fb123a5fe9e3a1e8e83a442b4e8a7394536f1ec7b445394524b08c6d32ca8d8d05468c7114b0672ec80b611c17000000000000000000000000000000000000000000000000000000000000000000000000000000003ec001634fc866497386cbdf62dc0146db8f3c11ca2a49a6b72f725c0c01a7d4b41b1bfa4e156da9f3ec79e7577c1dd1756a72db0dadff008608f5bc70512e40f94f5dfe9b6c6719ca94a797fe5479e6b3fd38dd53a9274635de3b6207ddd249f0e192395ad193f9a9a03f3ee7fd3deac9716f5dff00e8228ff4fdacb963f0b731f7d87e83bb1b55ff00290fc15bbe152480f8334bfe9c6faad58f8f1b94bfe83d07a7bfa69b485353a952ae73d9c11f5a46d6847fe5a2f54e9c5614700787f4afc0cd1f4f945d483963d608f4cd0fa4b4ad2a2a14ace93c2c2783a5e7c8aa5ea0416d6d0b7e69c525e889e3ddb712e4540b165acb582e8950000000000000003ec03ec05b53e92144d53e9214000000000000000000000000000000000000000000000000000000000000000000000000000000000000007ea407ea404f1fa515291fa51500000000000000000000000000000053254600b7cfb8e7c8ab047059b22f96964aa8c7fc28b80e0c6b8b2b6afc55b7a738fb9853e9ed124f2f4cb77f746d8609e0d651d0b47a32dd4b4fa307ec8cfa54e9d35b69d38c63ec4981d80a79f05d92800ae41445400000000000000000000000000000000000000000000000000000000000000000000000000000000000000000048001c94c3f52a00a2c9500060b5c72cb80144b05720600a79951800000000000000000003ec03ec05b53e92144d53e9214000000000000000000000000000000000000000000000000000000000000000000000000000000000000007ea407ea404ebb22a5176454000000000000000000000000000000000606000280308061150000c0003030000c00000000000000000000000000000000000000000000000000000000000000000000000000000000000000000000000000000000000000000000000000000000000007d807d80b6a7d24289aa7d242800000000000000000000000000000000000000000000000000000000000000000000000000000000000000000ae5fa8dcfd594005773f56373f5650015dcfd58dcfd594005773f56373f5650015dcfd58dcfd594005773f56373f5650015dcfd58dcfd594005773f56373f5650015dcfd58dcfd594005773f56373f5650015cbf5197ea50015dcfd58dcfd594005773f56373f5650015dcfd58dcfd594005773f56373f5650015dcfd58dcfd594005773f56373f5650015dcfd58dcfd594005773f56373f5650015dcfd58dcfd594005773f56373f5650015dcfd58dcfd594005773f56373f5650015dcfd58dcfd594005773f56373f5650015dcfd58dcfd594005773f56373f5650015dcfd58dcfd594005773f56373f5650015dcfd58dcfd594005773f56373f5650015dcfd58dcfd594005773f56373f5650015dcfd58dcfd594005773f56373f5650015dcfd58dcfd594005773f56373f5650015dcfd58dcfd594005773f56373f5650015dcfd58dcfd594005773f56373f5650015dcfd58dcfd594005773f56373f5650015dcfd58dcfd594005773f56373f5650015dcfd58dcfd594005773f56373f5650015dcfd58dcfd5940055b6fcca000000000000000000000000000000000000000000000000000000000000000000000000000000000000000000000000000000000000000000000000000000000000000000000000000000000000000000000000000000000000000000000000000000000000000000000000000000000000000000000000000000000000000000000000000000000000000000000000000000000000000000000000000000000000000000000000000000000000000000000000000000000000000000000000000000000000000000000000000000000000000000000000000000000000000000000000000000000000000000000000000000000000000000000000000000000000000000000000000000000000000000000000000000000000000000000000000000000000000000000000000000000000000000000000000000000000000000000000000000000000000000000000000000000000000000000000000000000000000000000000000000000000000000000000000000000000000000000000000000000000000000000000000000000000000000000000000000000000000000000000000000000000000000000000000000000000000000000000000000000007ffd9, 'image/jpeg');

-- --------------------------------------------------------

--
-- Tábla szerkezet ehhez a táblához `reports`
--

CREATE TABLE `reports` (
  `id` int NOT NULL,
  `reporter_id` int NOT NULL,
  `target_type` enum('post','comment','user') NOT NULL,
  `target_id` int NOT NULL,
  `reason` text NOT NULL,
  `status` enum('pending','resolved') DEFAULT 'pending',
  `created_at` timestamp NULL DEFAULT CURRENT_TIMESTAMP
) ENGINE=InnoDB DEFAULT CHARSET=utf8mb4 COLLATE=utf8mb4_0900_ai_ci;

--
-- A tábla adatainak kiíratása `reports`
--

INSERT INTO `reports` (`id`, `reporter_id`, `target_type`, `target_id`, `reason`, `status`, `created_at`) VALUES
(3, 7, 'post', 15, 'utálom bongya spobot', 'pending', '2026-03-01 11:45:11');

-- --------------------------------------------------------

--
-- Tábla szerkezet ehhez a táblához `users`
--

CREATE TABLE `users` (
  `id` int NOT NULL,
  `username` varchar(50) NOT NULL,
  `email` varchar(100) NOT NULL,
  `password_hash` varchar(255) NOT NULL,
  `role` enum('user','admin') DEFAULT 'user',
  `full_name` varchar(100) DEFAULT NULL,
  `bio` text,
  `avatar_url` varchar(255) DEFAULT 'https://via.placeholder.com/150',
  `created_at` timestamp NULL DEFAULT CURRENT_TIMESTAMP,
  `location` varchar(100) DEFAULT NULL
) ENGINE=InnoDB DEFAULT CHARSET=utf8mb4 COLLATE=utf8mb4_0900_ai_ci;

--
-- A tábla adatainak kiíratása `users`
--

INSERT INTO `users` (`id`, `username`, `email`, `password_hash`, `role`, `full_name`, `bio`, `avatar_url`, `created_at`, `location`) VALUES
(1, 'TesztUser', 'teszt@user.hu', 'hash123', 'user', 'Teszt Elek', NULL, 'https://via.placeholder.com/150', '2026-02-18 18:57:17', NULL),
(7, 'zsonibi', 'fodorzsombi0606@gmail.com', '$2b$10$Vgkg77FrC2JtiYgR8QYXkeZRwa76xKp1lPB2chJw/9Bf5k3kUCK1e', 'admin', 'Zsombor', 'WAAAAAAAAAA', 'https://ui-avatars.com/api/?name=zsonibi&background=random&color=fff&size=128', '2026-02-17 18:21:27', 'magyarorszag'),
(8, 'botond', 'boti@cigany.ci', '$2b$10$6mCLurFeX8.pLCkWuDqZ7.n2.HUgfSPPkLNOQRBfgsNkw93OtT8VS', 'user', NULL, NULL, 'http://localhost:3000/uploads/1771356880616.png', '2026-02-17 19:34:40', NULL),
(9, 'A7X', 'A@7.X', '$2b$10$AI3Ff.diK7Kz8cPfoI34w.4Wk2c5F8CzNIGsvcC6Frxh7jHQjua42', 'user', NULL, NULL, 'http://localhost:3000/uploads/user-1771359417412.jpeg', '2026-02-17 20:16:57', NULL),
(10, 'KreativAnna', 'anna@teszt.hu', 'dummy_hash', 'user', 'Nagy Anna', 'Imádom a digitális művészetet és a természetet.', 'https://ui-avatars.com/api/?name=Anna&background=FF69B4&color=fff', '2026-02-23 22:04:18', NULL),
(11, 'boti', 'bot@gmail.com', '$2b$10$lYbgzEUldMiOqh7OLdXLJOeasCCZwJIfdu.my9mED8eO7r/20IHBy', 'user', NULL, NULL, 'http://localhost:3000/uploads/user-1771440029771.jpeg', '2026-02-18 18:40:29', NULL),
(12, 'DesignGuru', 'guru@teszt.hu', 'dummy_hash', 'user', 'Szabó Gábor', 'Minimalizmus mindenek felett.', 'https://ui-avatars.com/api/?name=Gabor&background=4CAF50&color=fff', '2026-02-23 22:04:18', NULL),
(13, 'ujjam', 'valami@szia.com', '$2b$10$dz6fb8AIHgCoVl.9CDXkoevDBFj.3ke.87qxhbvQiQ4V5wgMO8wMe', 'user', 'fzsd', 'aaaaaaaaaaaaaa', 'http://localhost:3000/uploads/user-1772383380484.jpeg', '2026-03-01 16:43:00', 'bbbbbbbbbbb');

--
-- Indexek a kiírt táblákhoz
--

--
-- A tábla indexei `categories`
--
ALTER TABLE `categories`
  ADD PRIMARY KEY (`id`),
  ADD UNIQUE KEY `name` (`name`);

--
-- A tábla indexei `comments`
--
ALTER TABLE `comments`
  ADD PRIMARY KEY (`id`),
  ADD KEY `user_id` (`user_id`),
  ADD KEY `post_id` (`post_id`);

--
-- A tábla indexei `follows`
--
ALTER TABLE `follows`
  ADD PRIMARY KEY (`follower_id`,`following_id`),
  ADD KEY `following_id` (`following_id`);

--
-- A tábla indexei `ideas`
--
ALTER TABLE `ideas`
  ADD PRIMARY KEY (`id`),
  ADD KEY `user_id` (`user_id`),
  ADD KEY `category_id` (`category_id`);

--
-- A tábla indexei `likes`
--
ALTER TABLE `likes`
  ADD PRIMARY KEY (`user_id`,`post_id`),
  ADD KEY `post_id` (`post_id`);

--
-- A tábla indexei `messages`
--
ALTER TABLE `messages`
  ADD PRIMARY KEY (`id`),
  ADD KEY `sender_id` (`sender_id`),
  ADD KEY `receiver_id` (`receiver_id`);

--
-- A tábla indexei `posts`
--
ALTER TABLE `posts`
  ADD PRIMARY KEY (`id`),
  ADD KEY `user_id` (`user_id`),
  ADD KEY `category_id` (`category_id`),
  ADD KEY `fk_posts_ideas` (`idea_id`);

--
-- A tábla indexei `reports`
--
ALTER TABLE `reports`
  ADD PRIMARY KEY (`id`),
  ADD KEY `reporter_id` (`reporter_id`);

--
-- A tábla indexei `users`
--
ALTER TABLE `users`
  ADD PRIMARY KEY (`id`),
  ADD UNIQUE KEY `username` (`username`),
  ADD UNIQUE KEY `email` (`email`);

--
-- A kiírt táblák AUTO_INCREMENT értéke
--

--
-- AUTO_INCREMENT a táblához `categories`
--
ALTER TABLE `categories`
  MODIFY `id` int NOT NULL AUTO_INCREMENT, AUTO_INCREMENT=6;

--
-- AUTO_INCREMENT a táblához `comments`
--
ALTER TABLE `comments`
  MODIFY `id` int NOT NULL AUTO_INCREMENT, AUTO_INCREMENT=14;

--
-- AUTO_INCREMENT a táblához `ideas`
--
ALTER TABLE `ideas`
  MODIFY `id` int NOT NULL AUTO_INCREMENT, AUTO_INCREMENT=13;

--
-- AUTO_INCREMENT a táblához `messages`
--
ALTER TABLE `messages`
  MODIFY `id` int NOT NULL AUTO_INCREMENT, AUTO_INCREMENT=2;

--
-- AUTO_INCREMENT a táblához `posts`
--
ALTER TABLE `posts`
  MODIFY `id` int NOT NULL AUTO_INCREMENT, AUTO_INCREMENT=17;

--
-- AUTO_INCREMENT a táblához `reports`
--
ALTER TABLE `reports`
  MODIFY `id` int NOT NULL AUTO_INCREMENT, AUTO_INCREMENT=4;

--
-- AUTO_INCREMENT a táblához `users`
--
ALTER TABLE `users`
  MODIFY `id` int NOT NULL AUTO_INCREMENT, AUTO_INCREMENT=14;

--
-- Megkötések a kiírt táblákhoz
--

--
-- Megkötések a táblához `comments`
--
ALTER TABLE `comments`
  ADD CONSTRAINT `comments_ibfk_1` FOREIGN KEY (`user_id`) REFERENCES `users` (`id`) ON DELETE CASCADE,
  ADD CONSTRAINT `comments_ibfk_2` FOREIGN KEY (`post_id`) REFERENCES `posts` (`id`) ON DELETE CASCADE;

--
-- Megkötések a táblához `follows`
--
ALTER TABLE `follows`
  ADD CONSTRAINT `follows_ibfk_1` FOREIGN KEY (`follower_id`) REFERENCES `users` (`id`) ON DELETE CASCADE,
  ADD CONSTRAINT `follows_ibfk_2` FOREIGN KEY (`following_id`) REFERENCES `users` (`id`) ON DELETE CASCADE;

--
-- Megkötések a táblához `ideas`
--
ALTER TABLE `ideas`
  ADD CONSTRAINT `ideas_ibfk_1` FOREIGN KEY (`user_id`) REFERENCES `users` (`id`) ON DELETE CASCADE,
  ADD CONSTRAINT `ideas_ibfk_2` FOREIGN KEY (`category_id`) REFERENCES `categories` (`id`);

--
-- Megkötések a táblához `likes`
--
ALTER TABLE `likes`
  ADD CONSTRAINT `likes_ibfk_1` FOREIGN KEY (`user_id`) REFERENCES `users` (`id`) ON DELETE CASCADE,
  ADD CONSTRAINT `likes_ibfk_2` FOREIGN KEY (`post_id`) REFERENCES `posts` (`id`) ON DELETE CASCADE;

--
-- Megkötések a táblához `messages`
--
ALTER TABLE `messages`
  ADD CONSTRAINT `messages_ibfk_1` FOREIGN KEY (`sender_id`) REFERENCES `users` (`id`) ON DELETE CASCADE,
  ADD CONSTRAINT `messages_ibfk_2` FOREIGN KEY (`receiver_id`) REFERENCES `users` (`id`) ON DELETE CASCADE;

--
-- Megkötések a táblához `posts`
--
ALTER TABLE `posts`
  ADD CONSTRAINT `fk_posts_ideas` FOREIGN KEY (`idea_id`) REFERENCES `ideas` (`id`) ON DELETE SET NULL,
  ADD CONSTRAINT `posts_ibfk_1` FOREIGN KEY (`user_id`) REFERENCES `users` (`id`) ON DELETE CASCADE,
  ADD CONSTRAINT `posts_ibfk_2` FOREIGN KEY (`category_id`) REFERENCES `categories` (`id`) ON DELETE SET NULL,
  ADD CONSTRAINT `posts_ibfk_3` FOREIGN KEY (`idea_id`) REFERENCES `ideas` (`id`) ON DELETE SET NULL;

--
-- Megkötések a táblához `reports`
--
ALTER TABLE `reports`
  ADD CONSTRAINT `reports_ibfk_1` FOREIGN KEY (`reporter_id`) REFERENCES `users` (`id`) ON DELETE CASCADE;
COMMIT;

/*!40101 SET CHARACTER_SET_CLIENT=@OLD_CHARACTER_SET_CLIENT */;
/*!40101 SET CHARACTER_SET_RESULTS=@OLD_CHARACTER_SET_RESULTS */;
/*!40101 SET COLLATION_CONNECTION=@OLD_COLLATION_CONNECTION */;
